https://d22g9jocipknag.cloudfront.net/img/lineup/695.jpeg?t=1530846054,http://allidolsongs.com/,AIS-All Idol Songs- ,株式会社ソニー・ミュージックアーティスツ（SMA）初のアイドルグループとして誕生した「アイドルネッサンス」のSMA２組目のグループとして、オーディションを経て選ばれた「アイドルネッサンス候補生」の７人と「元アイドルネッサンス」で活動していた宮本茉凜がグループを兼任する形で参加により、2016年6月11日より活動をスタートした8人組アイドルグループ。2017年6月に兼任していた宮本茉凜が卒業し、その後7人で活動を継続する。アイドルファンの記憶に残り語り継がれる「21世紀以降のアイドルソング」をメンバー自身の感性を通して吸収し、現在、そして未来に歌い継いでいくことをコンセプトに活動中。,,8
https://d22g9jocipknag.cloudfront.net/img/lineup/697.jpeg?t=1530846054,https://www.akb48.co.jp,AKB48 ,作詞家・秋元康が総合プロデューサーを務める。2005年12月より活動開始のアイドルグループです。コンセプトは「会いに行けるアイドル」。東京・秋葉原に専用の「AKB48劇場(シアター)」をもち、日々、歌とダンスを中心とした公演を行っております。AKB48のメンバーはすべて全国各地からの応募によるオーディションにより選出されており、現在は5つのチーム(チームA、K、B、4、8)で構成されています。姉妹グループは現在、日本国内では、SKE48、NMB48、HKT48、NGT48、STU48が、海外では、JKT48、BNK48、TPE48、MNL48、AKB48 TeamSH、MUM48、SGO48があります。シングルCDリリース時には日本の姉妹グループを含む全メンバーの中から選定される「選抜メンバー」が楽曲を歌います。日本でリリースされる新曲はミリオンセラーを達成し続けており、日本を代表するアイドルグループとして、テレビ、ラジオ、雑誌と多方面の媒体にレギュラーを持つなど、劇場公演をベースにしつつ、その活躍の場は多岐に亘っています。,,
https://d22g9jocipknag.cloudfront.net/img/lineup/698.jpeg?t=1530846054,https://toyota-team8.jp,AKB48 Team8 ,「会いに行くアイドル」をコンセプトに誕生したAKB48チーム8。メンバーは、全国47都道府県で開催された〈AKB48 Team 8 全国一斉オーディション〉によって、各都道府県から1人ずつ選出された47名。結成5年目を迎え、ますます活動の幅を広げています！,,
https://d22g9jocipknag.cloudfront.net/img/lineup/639.jpeg?t=1530846054,http://akishibup.net/,アキシブproject ,2014年より秋葉原にあるTwinBoxを本拠地として定期公演を開始。勢力的なLIVE活動を続け、赤坂BLITZにて開催されるワンマンLIVEでは平日にも関わらずチケットソールドアウト、グループ史上最大のキャパとなるZeppTokyoでのワンマンLIVE開催を果たし、アジア各国で行われているフェスにも出演し、日本のみならず海外にも本格展開し始めた「アキシブproject」。2018年夏にはキングレコードよりメジャーデビューが決定！ネクストブレイクの呼び声高い新世代の王道アイドルグループ。,,
https://d22g9jocipknag.cloudfront.net/img/lineup/696.jpeg?t=1530846054,http://amiina.jp,amiinA ,amiとmiyuによる高校生ガールズユニット。ポストロック、エレクトロニカ、北欧サウンドなどジャンルを越えた楽曲群と2人の少女が織り成すパフォーマンスで唯一無二の世界観を作り上げる。さらに飛び出すジャケットやamiinAの世界を具現化した9面ジャケットなど、アートワークでも独自の世界観を表現している。そして今年5月に発売した5thシングルでは、GOING UNDER GROUNDの松本素生氏作詞作曲の「Jubilee」をはじめ、今までamiinAに携わってきた作曲家とは異なる作曲家に依頼した３つの新曲で、新しいamiinAを提示。その後、満を持して渋谷WWWXにて開催した1stワンマンライブはソールドアウトを記録し、2ndワンマンライブを来年2月にマイナビ赤坂ブリッツで開催することも決定している。また、アイドルグループの他、あらかじめ決められた恋人たちへ、HUSKING B,,
https://d22g9jocipknag.cloudfront.net/img/lineup/714.jpeg?t=1531463200,https://angereve.com/,Ange☆Reve ,メジャーデビューを目指すアイドルを発掘する『第3のDOLLオーディション』の合格者で結成されたアイドルグループ。2014年4月 日本青年館にステージデビュー。Ange=天使、Reve=夢というグループ名で“天使のようなアイドル”を目指し、夢に向かって活動中☆,,
https://d22g9jocipknag.cloudfront.net/img/lineup/625.jpeg?t=1530846055,http://appare-harajuku.jp/,天晴れ！原宿 ,2016年7月2日アイドル横丁夏祭りにてデビュー！まだ誰も見たことがない新しい「IDOL」 『天晴れ！原宿』は世界中のKAWAIIを取り入れ、独自のカルチャーを生み出していく「原宿」のように「天晴れ！」なKAWAIIカルチャーを創造し、世界に発信していくために結成された平均年齢17歳の5人組アイドルグループである。,,
https://d22g9jocipknag.cloudfront.net/img/lineup/746.jpeg?t=1531463200,https://www.ariel-project.com,アリエルプロジェクト ,可能性いっぱい！人魚姫のように、歌声でみんなの心を癒やす香港発6人組アイドルグループ、アリエルプロジェクト！2015年夏始動、冬に香港でデビューしたアリエルプロジェクトは通称アリエルプロ;香港を拠点とし、凄まじいパフォーマンスと歌声でファンの心を癒やす日本のアイドル文化を世界にお届けという理念を持つガールズ・ダンス&ボーカルユニットでもある。2018年3月日本にて1stシングル「桜色メモリー」をリリースしました！海外グループとして本当に大きな一歩でした！アリエル、美しく、凛々しく、愛しい女の子。アリエルプロジェクトは人魚姫のようにキラキラな、高貴な少女に成りたいと夢を見た女の子たちのためにあったプロジェクトであります。無限の可能性を見つけ、発展します。アリエルプロジェクトは少女たちの夢を叶えるためのプロジェクトでもあります。,,
https://d22g9jocipknag.cloudfront.net/img/lineup/722.jpeg?t=1531463200,http://ayumikurikamaki.com,あゆみくりかまき ,歌うたいの＜あゆみ＞、DJ の＜くりか＞、盛り上げ役の＜まき＞からなる、関西出身のアイドルパンクDJユニット。2012年1月、くりかとまきで「くりかまき」を結成。2014年5月5日に「あゆみ」が正式加入し、以降「あゆみくりかまき」として活動中。2015年3月4日に「鮭鮭鮭」でメジャーデビュー。第30回日本ゴールドディスク大賞「ベスト5ニュー・アーティスト」を受賞。2016年4月には、メジャー1stアルバム『あゆみくりかまきがやって来る！クマァ！クマァ！クマァ！』を発売し、オリコンウィークリーランキング8位を獲得。2017年に全国6箇所をまわるワンマンライブツアーを開催し、各地でSOLD OUTとなった。同年12月には、メジャー7thシングル「反抗声明」がテレビ東京系アニメ「銀魂」ポロリ編のエンディングテーマに抜擢。毎年フェスシーズンには、ROCK IN JAPANやCOUNTDOWN JAPANなどの大型フェスに多数出演しており、バンドを従えたバンドセットでの出演もしている。2018年3月28日(水)には待望のメジャー2ndアルバム『大逆襲』を発売。あゆみくりかまきの大逆襲の年となる2018年も目が離せない。,,
https://d22g9jocipknag.cloudfront.net/img/lineup/709.jpeg?t=1530846054,https://babyraids.lespros.co.jp,ベイビーレイズJAPAN ,2012年9月、5人組アイドルユニット「ベイビーレイズ」としてメジャーデビュー。楽曲はロックバンドからの提供がほとんどで、そのクオリティはアイドルファンのみならずロックファンからの評価も高い。2015年からはグループ名を「ベイビーレイズJAPAN」に改名。アイドルにしかできないロック「EMOTIONAL IDOROCK（エモーショナルアイドロック）」を追求する。,,
https://d22g9jocipknag.cloudfront.net/img/lineup/675.jpeg?t=1530846054,https://banmon.jp,バンドじゃないもん！ ,2011年に神聖かまってちゃんのメンバーとしても活動する、みさこを中心に2人組の“ツインドラムあいどる”としてメジャーデビュー。その後6人体制となり、2016年1月に満を持してメジャー再デビュー。再メジャーデビュー後は4作連続リリースシングルTOP10入りで各タイトル2万枚を超えるセールスを記録。再メジャー1stアルバム「完ペキ主義な世界にふかんぜんな音楽を?」はオリコンウィークリーチャート4位にランクイン。その後も初アニメタイアップソングとなった「METAMORISER」、結成5周年記念シングル「Q.人生それでいいのかい？」をリリース。代々木公園にてフリーライブを経て、バックバンド携えて初のホールコンサートツアーを開催。2018年春には中野サンプラザワンマン、大阪 NHKホール公演も決定。快進撃を続ける6人組アイドルグループである。,,
https://d22g9jocipknag.cloudfront.net/img/lineup/658.jpeg?t=1530846054,http://but-show.com,ばってん少女隊 ,２０１５年６月に結成、平均年齢１６．０歳の６人組グループ。九州・福岡を拠点に全国を駆け回っている。２０１６年４月にビクターエンタテインメントからメジャーデビュー。スカコアの曲調に博多弁が絶妙にマッチしたバンドサウンドに拘った楽曲と、普段はおっとりとした雰囲気のメンバーが見せる激しいライブパフォーマンスが注目を集めている。スターダストプロモーション１００年に一組の逸材と自ら発信しているのは必ず大成するという明確な決意の表れ。,,
https://d22g9jocipknag.cloudfront.net/img/lineup/642.jpeg?t=1530846054,http://2zicon.tokyo/?mode=beboga,ベボガ！ ,『あなたのハートにクリーンヒット!』をテーマに活動する応援型6人組アイドルユニット。でんぱ組.incや妄想キャリブレーションが在籍する「ディアステージ」へ2018年1月に移籍。ライブ、イベント、グラビアや数多くのメディア出演に加え、イラストや漫画連載など多方面にわたり活躍中である。,,
https://d22g9jocipknag.cloudfront.net/img/lineup/670.jpeg?t=1530858384,http://avex.jp/callme/,callme ,KOUMI、RUUNA、MIMORIの3 人によるガールズユニット。 リーダーのRUUNAを始め、ダンス担当のKOUMI、作曲担当のMIMORIのそれぞれの得意分野を活かし楽曲やパフォーマンスをセルフプロデュースする新しいスタイルで魅了する！,,
https://d22g9jocipknag.cloudfront.net/img/lineup/715.jpeg?t=1531463200,http://www.chu-z.com,Chu-Z ,2014年7月9日に1stアルバム「Chu-Z My Music」で日本コロムビアメジャーデビュー!!伝説のダンスユニット PANICREWのYOHEYがプロデュースする、 世界水準の新時代ガールズユニット。1stアルバム「Chu-Z My Music」は、オリコンデイリーチャート初登場4位、ウィークリー17位。2014年10月1日 1stシングル「ボンバスティク！」でアルバムを越えてウィークリーで16位を獲得。2015年2月11日発売メジャー2ndシングル『花のアーチ / Brand Boy』リリース。オリコンデイリー最高3位、ウィークリー最高5位。2015年7月11日発売した3rdシングルはつんく♂サウンドプロデュースによるシングル「Tell me why 生まれて来た意味を知りたい」。オリコンウィークリーで8位を獲得。数多くのイベント、ワンマンライブ、ツアーなどを経て今年更に邁進してまいります。2018年1月14日名古屋ReNY limitedを皮切りに東名阪ツアーを開始。2018年3月21日テイチク移籍第二弾シングル「Gonna be alright！」リリース。2018年8月19日より「東名阪仙ツアー～メガロポリス～」スタート。2018年11月4日「赤坂BLITZ」ワンマンLIVE開催。,,
https://d22g9jocipknag.cloudfront.net/img/lineup/735.jpeg?t=1531463200,https://chu-oh-dolly.com,Chu☆Oh!Dolly ,Chu☆Oh!Dolly(ちゅーおーどーりー)通称ちゅーどりアイドル界のセンター目指して時速5kmで走行Chu☆秋葉原発！日本初！道路コンセプトアイドル。わちゃわちゃ元気な、おしゅしレッド担当大崎瑠衣、ウルトラバイオレット担当リーダー眞城ゆうか、ドールピンク担当春野絵美莉、エンジェルライトブルー担当城崎桃華、サニーオレンジ担当五十嵐彩伽、オーシャンブルー担当辻村美月、ハニーイエロー担当大部萌衣、しらたまホワイト担当吉川結理の8人組ユニットです！
https://d22g9jocipknag.cloudfront.net/img/lineup/640.jpeg?t=1530846054,http://www.crownpop.com/,CROWN POP ,スターダストプラネットに所属する、ダンスが得意な中高生メンバーで結成された6人組の次世代ダンスアイドルユニット。CROWN POPの名前の由来は「芸能界で王冠を掴むためダンスを磨いて奮闘中」のコンセプトに通じている。通称「クラポ」。ファンの愛称は「ポッパー」として親しまれている。国民的アイドルを目指し日々成長中。
https://d22g9jocipknag.cloudfront.net/img/lineup/736.jpeg?t=1531463200,http://icigostyle.com/cy8er,CY8ER ,世界を騒がすガチマジアイドルをコンセプト活動する5人組アイドルユニット。結成2ヶ月で渋谷WWWX、9ヶ月で恵比寿LIQUIDROOM、そして今年の5月に渋谷O-EASTをSOLD OUT。8月2日に新木場STUDIOCOASTでの4th one-man LIVEが決定している。
https://d22g9jocipknag.cloudfront.net/img/lineup/687.jpeg?t=1530846054,http://www.teichiku.co.jp/artist/cynhn/,CYNHN ,I BLUE レーベル の新人ヴォーカルグループ。2016年末にジョイサウンドとディアステージの共同オーディションで選ばれたメンバーで構成される。2017年6月25日の「DEARSTAGE SHOWCASE 2017」でグループ結成が発表。2017年夏には「六本木アイドルフェスティバル2017」、「TOKYO IDLE FESTIVAL 2017」にレーベルメイトのピンキー！ノーラ＆ペトラのバックダンサーとして出演。「FINALegend」を2017年11月1日にメジャーリリース。
https://d22g9jocipknag.cloudfront.net/img/lineup/676.jpeg?t=1530846054,http://danceforphilosophy.com,フィロソフィーのダンス ,2015年、コンテンポラリーなファンク、R＆B、哲学的な背景を持つ歌詞をアイドルに歌わせるというコンセプトの元、氣志團、ナンバーガール、ベースボールベアー、相対性理論などを手がけた加茂啓太郎がオーディションとスカウトでメンバーを集め結成。2016年には早くも東京アイドル・フェスティバル、＠JAMという2大アイドル・フェスティバルに出演。同年11月20日には原宿アストロ・ホールで初のワンマン・ライブを行う。同月23日にファースト・アルバム「Funky but Chic」をリリースする。ライムスター宇多丸、マーティー・フリードマン、平成ノブシコブシの徳井健太などから絶賛された。2017年3月渋谷WWW、同年7月新宿BLAZEでのワンマン・ライブをソールドアウトさせる。同年11月セカンド・アルバム「The Founder」をリリース。オリコンウィークリー・チャートで35位となる。また収録曲「ダンス・ファウンダー」はSpotifyのバイラル・チャートでアイドルとしては初めて1位となる。2018年2月シングル「ダンス・ファウンダー（リ・ボーカル＆シングル・ミックス）」をリリース、オリコン・ウィークリー・アルバム・チャート33位となる。同月callmeとの2マン・ツアー「レッツ・スティック・トゥギャザー」を東名阪で開催した。6月16日に恵比寿リキッド・ルームで初のバンドセットでのワンマン・ライブを開催する。
https://d22g9jocipknag.cloudfront.net/img/lineup/630.jpeg?t=1530846054,http://dempagumi.tokyo/,でんぱ組.inc ,「ディアステージ」に所属する、古川未鈴、相沢梨紗、夢眠ねむ、成瀬瑛美、藤咲彩音、根本凪、鹿目凛の７人組ユニット。アニメ・漫画・ゲームなどの趣味に特化したコアなオタクでもある。ワールドツアーを行うなど国内のみならず海外からも人気を集める。2015年、MTV「ワールド・ワイド・アクト賞」の日本部門「ベスト・ジャパン・アクト」のウィナーに。2017年1月に、アリーナツアー「幕神アリーナツアー2017電波良好 Wi-Fi 完備！」6公演を開催、二度目となる日本武道館公演もおこなう。2017年12月30日「JOYSOUND presentsねぇもう一回きいて？宇宙を救うのはやっぱり、でんぱ組.inc！」大阪城ホール公演で、根本凪と鹿目凛が加入し新体制となる。2018年4月4日に、期待の最新シングル『おやすみポラリスさよならパラレルワールド / ギラメタスでんぱスターズ』をリリース！
https://d22g9jocipknag.cloudfront.net/img/lineup/737.jpeg?t=1531463200,http://dorothylittlehappy.jp,Dorothy Little Happy ,“Dorothy Little Happy”(ドロシーリトルハッピー)。「聴けばカラダが踊りだす。見ればみんなが恋をする。」をキャッチフレーズに質の高いヴォーカル&ダンスのライヴパフォーマンスを展開。2010年8月インディーズシングル「ジャンプ!」をリリース。2011年3月16日、ミニアルバム「デモサヨナラ」でメジャーデビュー。「好きよ 好きよ ・・・」とリフレインされるキャッチーなナンバーが話題となる。2017年、Dorothy Little Happy/髙橋麻里として初のソロプロジェクト名義でシングル「FOR YOU/デモサヨナラ(2017ver.)」を5月31日にリリース。2017年7月よりソロプロジェクトとして活動中だが、2018年12月をもって髙橋麻里がDorothy Little Happyを卒業することが発表された。
https://d22g9jocipknag.cloudfront.net/img/lineup/667.jpeg?t=1530846054,http://equal-love.jp/,=LOVE,代々木アニメーション学院×指原莉乃プロデュースの声優アイドルグループ。指原が自身の理想のアイドルをプロデュースするために、代々木アニメーション学院とのタッグでオーディションを行い、12名を初期メンバーとして選出。2017年8月に行われた「TOKYO IDOL FESTIVAL 2017」で初パフォーマンスを披露。9月にデビューシングル「=LOVE」（オリコンウィークリー8位）を、12月には2ndシングル「僕らの制服クリスマス」（オリコンウィークリー3位）をリリース。2018年2月には初の舞台となる あにてれ×＝LOVE「けものフレンズ」を行うなど活躍の場を広げている。
https://d22g9jocipknag.cloudfront.net/img/lineup/634.jpeg?t=1530846054,http://festive.rizepro.net/,FES☆TIVE ,日本を元気にすることをテーマにした祭り系アイドル。熱いライブに定評があり海外での評価も高く積極的に海外展開をしている。12月２４日にはタイ・バンコクにてワンマンライブを開催し2017年11月には徳間ジャパンより６枚目のシングルをリリース！！９月には赤坂BLITZにてワンマンライブを開催し成功を納める！ますます勢いに乗る！
https://d22g9jocipknag.cloudfront.net/img/lineup/708.jpeg?t=1530846054,http://www.fullfullpocket.com,Fullfull Pocket ,2015年8月に結成。2018年4月、新メンバーに広瀬みのり・桜木ゆふ・角田珠沙を迎え、新生Fullfull Pocketが始動。サウンドプロデューサー多田慎也の情景がリアルに浮かび上がる楽曲と、5人体制となりさらにパワーアップした多彩な表情のパフォーマンスでエール溢れる音楽を届けていく。2016年デビューシングルはオリコンチャート9位を獲得。2017年12月、全21曲を収録した初のフルアルバムをリリース、同年12月には白金高輪SELENE b2を満員にさせたワンマンライブを成功させる。2018年9月、初のミニアルバムの発売が決定し、さらに9月8日には白金高輪SELENE b2にて、新体制初のワンマンライブ「SOUL in pocket」の開催が決定している。
https://d22g9jocipknag.cloudfront.net/img/lineup/752.jpeg?t=1531463200,http://hakoiri-musume.com,ハコイリムスメ ,13歳～18歳の?優志望の?の?達で結成されたユニット。80～90年代のアイドルの名曲をカバーし、?る人に癒しとトキメキを与え、「?の?本来の可愛らしさ」を表現している。また、本業の「?優」を?かした「劇団ハコムス」という芝居と音楽の融合にも挑戦。2018年7月29日(日)には、有楽町オルタナティブシアターにて初のワンマンライブを開催予定。『懐かし可愛い』ハコイリムスメの世界観を全国に発信中！
https://d22g9jocipknag.cloudfront.net/img/lineup/753.jpeg?t=1531463200,http://himekyun.jp/pc/,ひめキュンフルーツ缶 ,2010年、「ラブリープリンセスの邦(くに)・愛媛」に誕生した、アイドルユニット“ひめキュンフルーツ缶”。愛媛の活性化という使命をおった少女たちは、ロック色を前面に打ち出した激しく熱いステージを重ね、その名を、さらには愛媛を広く全国へと知らしめた。時は流れ2017年。ひめキュンの使命と魂を受け継いだ8人の少女たちが、第5期“ひめキュンフルーツ缶”として集結。新たな未来へと歩み始めた。圧倒的なライブパフォーマンスで、会場をさらなる輝きへと導く少女たちの姿を、しかと見届けよ。“ひめキュンフルーツ缶”横浜アリーナにいざ見参。
https://d22g9jocipknag.cloudfront.net/img/lineup/745.jpeg?t=1531463200,https://freshlive.tv/newidol,アイドルING!!! ,2017年10月結成された平均年齢16歳の4人組。配信プラットフォーム「FRESH！」から生まれ、アイドリング!!!の後継グループとして、元アイドリング!!!メンバーによるバラエティ対応の特訓を受けている「現在進行形(ING)アイドル」。アイドリング!!!の楽曲をメインとしたライブを展開中で、2018年7月にはオリジナル楽曲も発表。
https://d22g9jocipknag.cloudfront.net/img/lineup/721.jpeg?t=1531463200,http://idolcollege.com/,アイドルカレッジ ,“未来のアイドルをみんなと育てていこう”をテーマに、女の子たちに、歌唱、ダンス、演技のレッスンを積ませ、全過程を公開イベントで行いスキルアップをはかりその成長過程を応援してもらうプロジェクト。2016年10月放送テレビアニメ『オレがお嬢様学校に、「庶民サンプル」としてゲッツされた件』で初のアニメ主題歌を担当。2017年5月発売したシングル「パンタスティック！」はTVアニメ「パンパカパンツおNEWさん」の主題歌を担当。2017年10月に発売した「Wonderful Story」までシングル5連続でオリコン週間CDランキングトップテン入り。2018年7月11日に最新曲「AKATSUKI」発売。2018年は結成9周年目になり、現在総勢25名で活動中。2018年は9大都市ツアーを開催！ツアー最後の東京会場はTOKYO DOME CITY HALLにて開催!
https://d22g9jocipknag.cloudfront.net/img/lineup/723.jpeg?t=1531463200,https://www.stardust.co.jp/profile/madeintohoku.html,いぎなり東北産 ,スターダストプラネット所属。全員が21世紀産まれのレッスン生グループ。岩手県産、山形県産、宮城県産、福島県産の全員が東北出身。「いぎなり」とは、“とても”や“すごい”などの宮城弁。みちのくからメジャーデビューを目指して活動中。
https://d22g9jocipknag.cloudfront.net/img/lineup/747.jpeg?t=1531463200,http://stand-up-project.jp/iketeruhearts/,イケてるハーツ ,2014年、レーベル研究生として活動をスタートさせ、2016年につんく♂作詞作曲の楽曲「Let's stand up!」でメジャーデビュー！現在は、クリエイティブディレクターに志倉千代丸とTom-H@ck、プロデューサーにユカフィン(元アフィリア・サーガ)を迎え、ライブやイベントなど都内を中心に活動中！最新シングル「ロゼッタ・ストーン」では初のTVアニメタイアップを務め、今秋にはグループ初となるアルバムが発売！疲れたり病んだりしたハートをイケてるハートへポジティブ変換しちゃいます！
https://d22g9jocipknag.cloudfront.net/img/lineup/702.jpeg?t=1530846054,http://www.helloproject.com/juicejuice/,Juice=Juice ,2013年2月3日Hello!Project 誕生15周年記念ライブ2013冬の福岡公演にてハロプロ研修生内新ユニットとして結成発表！2013年 第55回日本レコード大賞の新人賞を受賞。2015年6月に「Juice=Juice LIVE MISSION 220」ツアーが始まり、2016年10月29日全国225公演のツアーを完走。11月7日にはJuice=Juice単独初となる、日本武道館公演を成功させた。2017年6月に新メンバーとして梁川奈々美と段原瑠々の加入を発表、9月と12月に初のワールドツアーを10か国11か所で開催し、その間11月20日には2度目（7人としては初）の日本武道館公演を行った。2018年6月に新メンバーとして稲場愛香が加入、7月のHello! Project 2018 SUMMERより8人での活動がスタート。
https://d22g9jocipknag.cloudfront.net/img/lineup/757.jpeg?t=1531463200,http://afiliasaga.jp/,純情のアフィリア ,全国展開中のカフェ＆レストラン「アフィリアグループ」を代表するメンバーから構成された学院型ガールズ・ボーカルユニット。萌え業界の2大メーカー、志倉千代丸と、桃井はるこのダブルプロデュース。ヒットメーカー、つんく♂や大島こうすけなどからも楽曲提供を受けている。また、ダンスの振り付けをラッキィ池田が担当。ユニークな振り付けも特徴的。2017年6月「アフィリア・サーガ」から改名、新メンバー加入など大改革を発表。TVアニメ「はじめてのギャル」のオープニングテーマを担当し、再デビューを果たす。いま、「もっとも近い、会えるアイドル」として活躍中！
https://d22g9jocipknag.cloudfront.net/img/lineup/627.jpeg?t=1530846055,http://kmyd.targma.jp/,神宿 ,神宿（かみやど）2014年9月結成。原宿発の五人組アイト?ルユニット。グループ名の「神宿」は「神宮前」と「原宿」を合わせたもの。神宿の頭文字K=KAWAII(可愛い!)M=MAX(全力!)Y=YELL(応援!)D=DREAM(夢!)を届けるために原宿を拠点に活動している。
https://d22g9jocipknag.cloudfront.net/img/lineup/699.jpeg?t=1530846054,http://kazehikarufukurou.com,風光ル梟 ,平均年齢15歳、プレーイングプロデューサーMisakiを始め、北海道や大阪と全国各地から集まった猛禽の女神達。?2017年11月22日、日本クラウンよりミニアルバム「風光ル梟」にてメジャーデビュー！人気不良ゲームアプリ「ジョーカー~ギャングロード~」がオフィシャルパートナーとして応援しているアイドルであり、様々なコラボレーションを行っている。2018年3月、新メンバーが加入し、ダンス、ボーカルとフレッシュ感溢れるポテンシャルが高いグループとして生まれ変わる。その確かなスキルに、ストリートエッセンスを加えたオリジナリティーを発信し、強く美しく羽ばたいていく、今大注目のアイドルグループ。
https://d22g9jocipknag.cloudfront.net/img/lineup/755.jpeg?t=1531463200,http://kikkawayou.com/,吉川友 ,1992年5月1日生まれ、茨城県出身の26歳。ハロー！プロジェクトの研修過程を経て、2011年「きっかけはYOU!」でソロデビュー。その活動は多岐にわたり、茨城県常陸太田市のアンバサダーにも就任。さらにドラマやミュージカル等の舞台にも積極的に挑戦し、女優としても活動中。歌手としては、抜群の歌唱力とユーモア溢れる巧みなトーク、自慢の「ワガママボディ」でどんな会場も自分色に染め上げ、過去19回海外ライブに参加。7月にはJAPAN EXPO MALAYSIAに初参戦。5月には初配信限定曲「NEO SUGAR SUGAR YOU」を発売、これを機に世界200の国と地域でサブスプリクションサービスでの楽曲配信も開始するなど、グループアイドル全盛期の中、ソロアイドルとしてのさらなる飛躍を目指す。2018年は、バンドヴォーカルとしての活動も精力的に行い、6月に初の東名阪バンドツアーを成功させ邁進中！
https://d22g9jocipknag.cloudfront.net/img/lineup/758.jpeg?t=1531463200,http://kirafore.com,煌めき☆アンフォレント ,"2015年秋、“宇宙”と”煌めき”をコンセプトに三重県全域を盛り上げるためデビュー。1stシングル『運命√ビッグバン/幻影★ギャラクティカ」がオリコンデイリー2位&週間14位を獲得。2ndシングル『=虹色=サンシャイン/煌々◇ナミダ』を""OTODAMA RECORDS""よりメジャーリリース。オリコンデイリー5位&週間8位を獲得。初の全国ツアーも名古屋ダイヤモンドホールや桑名市民会館大ホール、TSUTAYA O-WESTなど全国18箇所を廻り大成功を収める。"
https://d22g9jocipknag.cloudfront.net/img/lineup/701.jpeg?t=1530846054,http://www.helloproject.com/kobushifactory/,こぶしファクトリー ,2015年1月2日ハロプロ研修生より結成。同年9月2日メジャーデビューし、第57回 輝く！日本レコード大賞最優秀新人賞を受賞した。2018年5人体制となり新たに再スタートを切り、4月より～SHINE! こぶし魂！～と題したライブツアーを開催中。
https://d22g9jocipknag.cloudfront.net/img/lineup/700.jpeg?t=1530846054,http://www.qumalidepart.com,クマリデパート ,クマリデパートはMaison book girl プロデューサー、サクライケンタのプロデュ ースのもと「世界のこころのデパート」をコンセプトに活動する5人組アイドル グループ。ご来店いただいた全てのお客様に笑顔と幸せをお届け。?
https://d22g9jocipknag.cloudfront.net/img/lineup/716.jpeg?t=1531463200,http://loveinq.com,LinQ ,2011年のデビューから7年―。九州・福岡を拠点に全国・海外へと活動のフィールドを広げるアイドルグループ「LinQ（リンク）」は、2018年4月1日、7名の新体制となって動き出します。リーダー・吉川千愛、副リーダー・新木さくら、髙木悠未、坂井朝香、小日向舞菜、海月らな、安藤千紗のメンバー7名が、スローガン「常熱アイドル全力宣言！」の旗印のもと、“常”に“熱”のあるライブパフォーマンスで新たなLinQワールドを創造していきます。
https://d22g9jocipknag.cloudfront.net/img/lineup/646.jpeg?t=1530846054,https://lovelydoll.jp/,愛乙女☆DOLL ,【愛乙女☆DOLL(ラブリードール)】は「いつでもあなたのお人形♪」をキャッチフレーズに、側に置いておきたくなるようなキュートさと、見応えアリな本格派ライブでエンターテイメント溢れるステージを繰り広げる正統派アイドルユニット！
https://d22g9jocipknag.cloudfront.net/img/lineup/738.jpeg?t=1531463200,http://up-front-kansai.com/talent/,Lovelys ,アップフロントグループに所属し、関西を中心に活動しているアイドルユニット。様々な表情を魅せるパフォーマンスはもちろんのこと、テンポよく掛け合うトークも定評があり、ラジオパーソナリティやイベントMCとしても活躍中。
https://d22g9jocipknag.cloudfront.net/img/lineup/739.jpeg?t=1531463200,https://luce-twinkle-wink.com,Luce Twinkle Wink☆ ,"『Luce Twinkle Wink☆(ルーチェ トゥインクル ウィンク)』は“輝く瞬間(とき)をトキメキに”をキャッチフレーズに可愛らしさに思いっきりのダンスでキラキラ輝くステージをお届けする、宇佐美幸乃、深沢紗希、錦織めぐみ、板山紗織、桧垣果穂の5人組ユニットです！！息の合った""シンクロ率""の高いキレのあるダンスと、表情豊かな歌声で熱いライブをお届けします！"
https://d22g9jocipknag.cloudfront.net/img/lineup/647.jpeg?t=1530846054,http://lyricalschool.com/,lyrical school ,lyrical school 略称 “リリスク” Girl’s Rap のパイオニアグループ。メンバーは、hinako、hime、minan、yuu、risanoの5人。6月にフルアルバム「WORLD'S END」の発売が決定。今年の夏もリリスクが全部持ってくぜ！
https://d22g9jocipknag.cloudfront.net/img/lineup/643.jpeg?t=1530846054,http://magipun.com/,マジカル・パンチライン ,2016年7月20日、ミニアルバム「MAGiCAL PUNCHLiNE」でポニーキャニオンよりメジャーデビュー。同年12月21日には2ndミニアルバム「MAGiCAL MYSTERY TOUR」をリリース。2017年1月からはAKIBAカルチャーズ劇場にて初の定期公演を開催！全6回の公演は連日ソールドアウトの大盛況。同年7月15日には初のワンマンライブを新宿ReNYで開催し7月20日にはデビュー1周年を迎え、8月9日には初のシングル「パレードは続く」をリリースした！12月9日には2ndワンマンライブを行い12月20日にリリースした2ndシングルはオリコンウィークリーランキング10位を獲得した。2018年4月8日には3rdワンマンライブを開催することが決定！2018年4月8日には3rdワンマンライブを開催し、佐藤麗奈がグループを卒業。4人での新体制となりマジパン第二章がスタート！
https://d22g9jocipknag.cloudfront.net/img/lineup/717.jpeg?t=1531463200,http://www.maisonbookgirl.com,Maison book girl ,矢川葵、井上唯、和田輪、コショージメグミ、による4人組グループ。通称ブクガ。音楽家サクライケンタが楽曲から世界観構築まで全面プロデュースを行い、独自の音楽性やブランディングが施された世界観が話題を呼び、2016年11月メジャーデビュー。2017年4月5日には待望のメジャー1stアルバム「image」を発売。2018 年5月17日～5月19日にイギリス・ブライトンで行われる国際音楽フェス『THE GREAT ESCAPE FESTIVAL2018』に日本代表として出演。2018年5月4日を皮切りに、全国5ヶ所で行われるワンマンツアー「Maison book girl tour2018」を決行。ツアーファイナル「Solitude HOTEL 5F」は6月23日に日本青年館にて行われた。サクライケンタ独自の世界観と四人四色な個性を放つメンバーの化学反応に今後も期待してほしい。
https://d22g9jocipknag.cloudfront.net/img/lineup/718.jpeg?t=1531463200,http://malcolm-mask-mclaren.tokyo,Malcolm Mask McLaren ,mone、ai、kana、momoからなる4人組アイト゛ルグループ。メロコア、イージーコアを基調とした楽曲て゛ハ゜フォーマンスを行っている。曲間、MC一切なしのノンストッフ゜のステーシ゛は必見。通称MMM。
https://d22g9jocipknag.cloudfront.net/img/lineup/725.jpeg?t=1531463200,http://www.maneki-kecak.com/,まねきケチャ ,NHK紅白歌合戦出場を目標に掲げ結成されたまねきケチャ、2018年９月には待望の日本武道館公演も決定！4/18にはシングルとアルバムを同時リリース。更には、アニメ『ゲゲゲの鬼太郎』の主題歌（ED）を担当。一昨年にはアイドル楽曲大賞2016を受賞、歌唱力や楽曲の評価も高く注目度急上昇中の五人組。メンバーは中川美優、藤川千愛、宮内凛、松下玲緒菜、深瀬美桜。,
https://d22g9jocipknag.cloudfront.net/img/lineup/754.jpeg?t=1531463200,http://www.miraiskirt.com,ミライスカート ,“はんなり” & “ポップ” をコンセプトに京都を拠点に活動している児島真理奈によるソロアイドルプロジェクト。メンバーとスタッフの卒業、引退によりソロアイドルになったが、今後もミライスカートの名で京都から全国、世界を目指し活動していく。現在、4thシングル「逆境ガール」を発売中。大の乗り物好きで鉄道会社、航空会社、空港などとコラボイベントも開催。また女優やレポーターとしても幅広く活動中。“古都・京都” を感じさせる凛とした佇まいとライブパフォーマンスを武器に、精力的に活動を行なっている。,
https://d22g9jocipknag.cloudfront.net/img/lineup/644.jpeg?t=1530846054,http://monogatari.jp.net/,monogatari ,平均年齢15歳！全員が圧倒的なルックスとパフォーマンスを擁する美少女軍団。「原宿物語」 から、2018年1月1日より「monogatari」としてリニューアル始動。「魅せる」スタイルをモットーとし、常に変化を求め、変化を作る「monogatari」は、まさに変幻自在で可能性は無限大である。,
https://d22g9jocipknag.cloudfront.net/img/lineup/693.jpeg?t=1530846054,http://mosoclbr.com,妄想キャリブレーション ,でんぱ組.incを輩出した「秋葉原ディアステージ」所属の、胡桃沢まひる、桜野羽咲、星野にぁ、雨宮伊織、水城夢子からなるアイドルユニット。2016年6月にSony Music Recordsからメジャーデビュー後、フジテレビ”ノイタミナ”にて放送の「冴えない彼女（ヒロイン）の育てかた♭」ED『桜色ダイアリー』を含む5枚のシングルをリリース、今年3月にはメジャー1stアルバム『妄想道中膝栗氣 ～moso traveling～』をリリースした。さらに日本では47都道府県ツアーを完走し、ロンドン・上海・香港・台湾・シンガポールを巡る海外ツアーと、ヨーロッパでの海外デビューも果たした。アイドル・アニソンの枠を超え、国内外へ活動を広げる今大注目のグループ！,
https://d22g9jocipknag.cloudfront.net/img/lineup/691.jpeg?t=1530846054,http://7-land.com,ナナランド ,魔法王国ナナランドを司る魔法少女がコンセプトのナナランド、プレデビュー期間を経て、晴れて2018年7月7日にデビュー。9月5日には待望のメジャーデビューも決定。メンバーは大場はるか、小日向麻衣、高倉藍夏、峰島こまき、雪村可鈴の五人。,
https://d22g9jocipknag.cloudfront.net/img/lineup/750.jpeg?t=1531463200,https://nankin2017.themedia.jp,なんキニ！ ,"2017年9月5日、300人超満員御礼の「渋谷club asia」にてワンマンライブデビュー。なんキニ！は""なんかキニなる""の略。アイドルを知らない一般の方にもなんか気になってもらうことをコンセプトとしている。TIF2018メインステージ争奪LIVE前哨戦1部を1位突破し、いま勢いに乗る4人組正統派アイドル。",
https://d22g9jocipknag.cloudfront.net/img/lineup/632.jpeg?t=1530846054,http://negicco.net/,Negicco ,2003年に結成された新潟在住アイドル・ユニット。メンバーはNao☆、Megu 、Kaede。現在「にいがた観光特使」を務める。これまでに西寺郷太、矢野博康、小西康陽、田島貴男、池田貴史、土岐麻子、さかいゆう、堂島孝平、堀込高樹などのアーティストから楽曲提供を受ける。今年7月20日で結成15周年を迎える。,
https://d22g9jocipknag.cloudfront.net/img/lineup/631.jpeg?t=1530846054,http://2zicon.tokyo/,虹のコンキスタドール ,イラストSNSのpixivから生まれたアイドルユニットで、2018年1月からDEARSTAGE所属。2018年4月18日にダブルA面DVDシングル『トライアングル・ドリーマー／心臓にメロディー』(キングレコード)をリリース予定。5月には東阪ツアー「虹の大三角形」の開催が決定している。,
https://d22g9jocipknag.cloudfront.net/img/lineup/705.jpeg?t=1530846054,https://9nine-fan.lespros.co.jp,9nine ,佐武宇綺・村田寛奈・吉井香奈恵・西脇彩華の4人からなるパフォーマンスガールズユニット。2014年に日本武道館単独公演を開催。2016年7月に5人ラストのツアーを完走し、4人体制の9nineがスタート。2017年4月よりTX「浅草ベビ９」がレギュラー放送。同年7月からEDテーマと本人役キャラクターを担当するアニメ「ザ・リフレクション」がNHK総合にて放送。2018年夏には海外で初のワンマンライブ香港公演、台湾公演を開催予定。,
https://d22g9jocipknag.cloudfront.net/img/lineup/706.jpeg?t=1530846054,http://www.notall.jp,notall ,notallのコンセプトは「世界のみんなと一緒に育てる、次世代型ソーシャルアイドル」SNSを通じてグループ名、ニックネーム、ロゴ、楽曲、衣装デザイン、グッズなどを募集し採用する、みんなでプロデュースできるアイドルとして2014年6月にデビュー。現在までに9ヵ国以上の海外クリエイターが参加し、応募総数は50,000点を超えるなど、世界中のファンやクリエイターと共に活動中。2017年夏には、各ニュースサイトでも話題を呼んだニューシングル「CD売るの、辞めました。」を０円でリリースし、Yahooニュースとトップ記事に掲載されるなど、その活動は大きく注目される。同年9月、Zepp tokyoで開催された３周年ツアーファイナルを見事成功させ、いよいよ４年目のステージへと向かう。
https://d22g9jocipknag.cloudfront.net/img/lineup/728.jpeg?t=1531463200,http://syukasyun.com,大阪☆春夏秋冬 ,カタヤブリな浪花のロックンガール！平均年齢19歳のダンス＆ヴォーカルユニット。リードヴォーカルMAINAを中心にソウルフルなROCKからファンク、バラードまで歌とダンスで表現する驚きのステージは、一度観ると絶対に忘れない、そしてまた観たくなる。それが、大阪☆春夏秋冬(しゅかしゅん)です。　　～音楽の素晴らしさを春夏秋冬から～,
https://d22g9jocipknag.cloudfront.net/img/lineup/707.jpeg?t=1530846054,http://zizoo.jp/pandamic/,パンダみっく ,2016年6月7日に結成。岩方虹夏・中嶋莉緒・野邑衣仁菜・橋本彩花・横澤星流の5人組からなるアイドルユニット。強力なファンクグルーブと親しみやすいポップな楽曲が特徴。2017年夏、結成1年で日本最大級のアイドルフェス「TOKYO IDOL FESTIVAL2017」「アイドル横丁 夏祭り 2017」「＠JAM EXPO2017」に出演するほか、「SUMMER SONIC2017」にも出演。さらなる成長を遂げる。2018年9月には2nd single「止まらないBGM」をリリース予定！1st single「好きな曜日はxx」に続きファンクポップバンド「カラスは真っ白」で活動していたタイヘイをサウンドクリエイターに迎え入れた作品となっている。楽曲のクオリティの高さにも注目が集まる「パンダみっく」。瞬く間に成長する彼女達の今を見逃せない！,
https://d22g9jocipknag.cloudfront.net/img/lineup/692.jpeg?t=1530846054,http://partyrockets.net,Party Rockets GT ,ハードなロックサウンドと完成度の高いヴォーカル&ダンスが魅力の彼女達のパフォーマンスはアイドルファンの口コミで全国に広がりを見せる。現在は活動拠点を東京へ移し、新メンバーにSAEとARISAを迎え、新体制Party Rockets GTとしてこれからの新たな躍進を目指し活動していく。,
https://d22g9jocipknag.cloudfront.net/img/lineup/633.jpeg?t=1530846054,http://passpo.jp/,PASSPO☆ ,ガールズロックでお客さまを忘れられない旅にお連れする “歌って踊って奏でる” 7人組ユニット。「アイドル支持率No.1アイドル」として名高く、イベントの際は共演者からのラブコールも多い。TIF2010から皆勤賞での出演。,
https://d22g9jocipknag.cloudfront.net/img/lineup/751.jpeg?t=1531463200,http://paxpuella.net,パクスプエラ ,YURIKA、NANAMI、YUINA、HINA、MIU からなる平均年齡14.8歳の東北を中心に活動する5人組のガールズユニット。フレッシュさに加え,洗練されたヴォーカル＆ダンスのパフォーマンの完成度の高さが魅力。2016年にグループ名を『パクスプエラ(pax puella)』と改名、心機一転して活動中。グループ名には「混迷の世に現れた一筋の光・自分の秘めたチカラに気付いていない5人の少女達が、“Dance & Music”で世界に平和をもたらす“小さな女神達”」という意味が込められている。
https://d22g9jocipknag.cloudfront.net/img/lineup/719.jpeg?t=1531463200,https://pimmsofficial.futureartist.net,Pimm&rsquo;s ,「S Cawaii!」専属モデルの郡司英里沙がリーダーを務めるミクスチャーロックアイドルグループ。各地の大型アイドルイベントでの全力感、雑草魂全開のステージパフォーマンスは、アイドルファン・音楽関係者からも話題となり、2018年にブレイクしていくアイドルグループとして注目されている。2018/2/7発売の2ndシングル「Life is a Game / My Soul(Gekiヤver.)」がオリコンウィークリーランキング3位を獲得。,
https://d22g9jocipknag.cloudfront.net/img/lineup/694.jpeg?t=1530846054,http://www.rockajaponica.com,ロッカジャポニカ ,内山あみ、椎名るか、高井千帆、内藤るな、平瀬美里の5人組。2016年1月、メジャーデビュー。17年6月に神奈川・CLUB CITTA’で全国ツアーのファイナル公演を行い、目標であった1000人動員を達成。11月には1stアルバム「Magical View」をリリースし、日本青年館にてワンマンライブを行う。18年8月1日には4thシングル「最the高」が決定！,,
https://d22g9jocipknag.cloudfront.net/img/lineup/740.jpeg?t=1531463200,http://ryutist.jp,RYUTist ,2011年5月に行った「アイドルユニットオーディション」で選ばれたメンバーによって結成。新潟市を表す「柳都(りゅうと)」という言葉に、「アーティスト」を加え、「新潟のアーティスト」という意味を込めて「RYUTist」と名付けました。メンバーはリーダーの佐藤乃々子、宇野友恵、五十嵐夢羽、横山実郁の4人組で、全員が新潟生まれ新潟育ちです。自主レーベル「RYUTO RECORDS」と「PENGUIN DISC（タワーレコード）」より、現在までに5枚のオリジナルシングルと3枚のオリジナルアルバムを発表、新潟市古町7番町「LIVEHOUSE新潟SHOW!CASE!!」を中心にライブ活動を行っています。その他、全国各地の各種イベントにも出演しています。,,
https://d22g9jocipknag.cloudfront.net/img/lineup/748.jpeg?t=1531463200,https://skdr.jp,さきどり発進局 ,"車を楽しむ情報サイトMOBYが完全バックアップする4人組アイドル。楽曲、衣装、グッズなど車をコンセプトにした新しい形のアイドルグループ。アイドルシーンをさきどるのはさきどり発進局！現在、グループ初の全国ツアー""さきどり武者修行?OVER TAKE TOUR 2018?""の真っ最中！ツアーファイナルに待ち構える武者修行は去年達成出来なかった、TSUTAYA O-EAST 1000人動員！果たして4人は武者修行を遂行出来るのか！？",,
https://d22g9jocipknag.cloudfront.net/img/lineup/724.jpeg?t=1531463200,http://sakura-cinderella.com,さくらシンデレラ ,正統派美少女アイドルグループ「さくらシンデレラ」。大型LIVEでは結成3年未満、結成836日目の2017年2月14日(火)中野サンプラザでワンマンLIVE、さらに39日後、3月25日(土)Zepp NAGOYAで2回目のワンマンLIVE(2回公演)開催、約1ヶ月間に2つの大型LIVEで成功を収めました。CDセールスでは、2nd～6thシングルで連続平均2万以上売上、3rdシングルでは、BillboardRanking週間セールス3位を獲得。フジテレビ『全力！脱力タイムズ』で、6thシングルのほしがりガールがEDテーマに起用。さらにアイドル専門誌MARQUEEで定期掲載。秋葉原・新宿を中心にさくらシンデレラの専用劇場『アイドルステージ』で、年間ギネス級2000公演を実施している、今話題沸騰中のグループです！,,
https://d22g9jocipknag.cloudfront.net/img/lineup/756.jpeg?t=1531463200,http://www.sakuraebis.jp,桜エビ～ず ,私立恵比寿中学の妹分的存在として、2015年8月「TOKYO IDOL FESTIVAL 2015」にて初お披露目。かっこいいアイドルを目指す6人組グループ。2018年1stアルバム｢sakuraebis｣をリリースし、同年6月より12ヶ月連続新曲リリースが決定した。,,
https://d22g9jocipknag.cloudfront.net/img/lineup/741.jpeg?t=1531463200,http://columbia.jp/artist-info/shinefinemovement/,Shine Fine Movement ,Shine Fine Movementは、日本コロムビアのアイドルレーベル“Label The Gerden”の第3弾デビューグループ。橘莉子・橘咲希・橘南桜の3姉妹に加え、朝比奈るう・羽深芽生のメンバー5名で結成されたグループです。“光”や“元気”、そして“勢い”をイメージしており、“Shine”＝“光”、“Fine”＝“I'm fine.”、音楽用語の終止記号となる“Fine（フィーネ）”、“Movement”＝“楽章”がモチーフとなっています。2017年12月13日　メジャーデビューシングル「光クレッシェンド」リリース2018年06月27日　セカンドシングル「ルミナス」リリース2018年07月07日　アイドル横丁夏祭り!!～2018～ 出演2018年07月21日　1st ワンマンライブ　TSUTAYA O-Crest2018年08月3,4,5日　TOKYO IDOL FESTIVAL2018 3日間出演
https://d22g9jocipknag.cloudfront.net/img/lineup/703.jpeg?t=1530846054,https://www.shiritsuebichu.jp/official/pc/,私立恵比寿中学 ,2009年8月結成、現役中学生が1人もいない「永遠に中学生」6人組グループ。通称「エビ中」、自称「King of 学芸会」。2012年5月5日「仮契約のシンデレラ」でメジャーデビュー以降、全シングルがオリコントップ10入り。翌年12月、初のアリーナ単独公演をさいたまスーパーアリーナで開催。日本人アーティスト史上デビュー最速記録を打ち立てる。2016年11月16日、オリジナルアルバム3枚から選りすぐった2枚のベストアルバム『中卒』『中辛』を同時発売。アリーナクラスのコンサートから夏の単独野外フェス・ バラエティ・映画・舞台・モデルなど縦横無尽に活躍中。2017年5月31日には4th full Album『エビクラシー』を発売、自身初となるオリコンウィークリーチャート1位を獲得。2018年6月6日、6人体制となり初のシングル「でかどんでん」をリリース。8月18・19日に恒例の野外単独コンサート「ファミえん」を山中湖で初の2DAYS開催。,,
https://d22g9jocipknag.cloudfront.net/img/lineup/671.jpeg?t=1530846054,http://zizoo.jp/soratobsakana/,sora tob sakana ,2014年7月結成。風間玲マライカ、神﨑風花、寺口夏花、山崎愛の4人からなる平均年齢15歳のアイドルユニット。ASOBISYSTEM×アイドル横丁によって2015年5月に始動したアイドルレーベル「フジヤマプロジェクトジャパン」より1stシングル「夜空を全部」を10月27日にリリース。アイドルファンだけではなく、音楽ファンへも反響を呼ぶ。音楽プロデュース を照井順政(ハイスイノナサ、siraph etc)が手掛けており、ポストロックとエレクトロニカを基調にした物語性の強い楽曲と表情豊かでまっすぐなパフォーマンスが唯一無二の世界観を作り出している。2016年7月26日1stAlbum「sora tob sakana」リリース。7月23日渋谷WWWで行われた2ndワンマンライブ「境界線上のサカナ」はSOLD OUTし、大成功!アイドルシーン要注目の存在として勢いにのる!!各フェスやイベントでその楽曲が高・,,
https://d22g9jocipknag.cloudfront.net/img/lineup/668.jpeg?t=1530846054,http://www.stu48.com,STU48 ,国内6番目のAKB姉妹グループとして2017年3月に誕生。「瀬戸内」エリアを本拠地とし、「１つの海、７つの県」を股にかけるAKBグループ初の広域アイドルグループ。瀬戸内（SeToUchi）の頭文字からSTU48（エスティーユー フォーティエイト）と命名される。今後は瀬戸内海を主とした船上劇場というスタイルで、歌とダンス・トークから構成される公演を開催していく予定である。,,
https://d22g9jocipknag.cloudfront.net/img/lineup/749.jpeg?t=1531463200,http://sunmyu.com,さんみゅ? ,混沌(いま)だから、さんみゅ～。音楽を通じて「楽しい」を共有する空間を。誰でも楽しめるライブを。純白アイドルをキャッチフレーズに掲げる5人組アイドルグループ「さんみゅ～」。全作品を通じて80年代の王道アイドルサウンドを継承して貫く一貫性は、唯一無二な存在感を放つ。”静”と”動”を使い分けるライブパフォーマンスは必見?,,
https://d22g9jocipknag.cloudfront.net/img/lineup/628.jpeg?t=1530846054,http://supergirls.jp/,SUPER☆GiRLS ,avexアイドル専門レーベル「iDOL Street」第一弾アーティストとして2010年結成された王道アイドルグループ。5月2日に18枚目のシングル「キラキラ☆Sunshine」リリース。6月24日ディファ有明にてワンマンライブ開催。,,
https://d22g9jocipknag.cloudfront.net/img/lineup/672.jpeg?t=1530846054,https://taskhavefun.net,Task have Fun ,人生は課題（Task）だらけ、だったらそんなTaskを楽しみながらクリアしちゃおう！をコンセプトにしたアイドルユニット。2016年5月28日にワンマンライブにてデビュー！正統派のビジュアルイメージから一転、パフォーマンスでは、ステージが狭く感じる程の激しいダンスとキレのある大きな振りを武器に3人組とは思えない程のパワフルなステージングをする。,,
https://d22g9jocipknag.cloudfront.net/img/lineup/704.jpeg?t=1530846054,https://team-syachihoko.jp,チームしゃちほこ ,スターダストプラネット所属の名古屋発5人組アイドルグループ。2012年4月7日、名古屋城にて路上デビュー。2014年8月にグループとして初の日本武道館単独公演を実施。2015年、グラミー賞アーティストであるBasement Jaxxとコラボし、楽曲提供も実現。2016年に幕張メッセ2DAYS、日本武道館、横浜アリーナでの単独公演を実施。2017年3月21日にグループの目標であった、日本ガイシホールでの単独公演を開催しSOLD OUTとなる。昨年からは自身主催の無料フェス「SYACHI FES」を開催、6月24日には2回目の主催フェス「SYACHI FES2018」を開催。2018年現在 名古屋市観光特使 の他、金シャチ横丁テーマソング担当、中日スポーツ公認ドラゴンズ応援マネージャーに就任。東京オリンピック・パラリンピック競技大会に向けて名古屋市ホストタウン交流事業応援リーダーに就任。,,
https://d22g9jocipknag.cloudfront.net/img/lineup/729.jpeg?t=1531463200,http://www.tenkoushoujo.com,転校少女* ,エモーショナルかつ文系的要素に溢れた楽曲をパワフルなステージングで表現する4人組アイドルグループ。2018年3月27日リリース2ndシングル「ショコラの独白」がオリコンデイリー1位、ウィークリー5位を獲得。4月28日開催ワンマンライブ@マイナビBLITZ赤坂が完売となる。2018年5月「転校少女*」に改名。メンバーは塩川莉世、岡田夢以、松井さやか、渚まお。,,
https://d22g9jocipknag.cloudfront.net/img/lineup/629.jpeg?t=1530846054,http://yufuterashima.com/,寺嶋由芙 ,「古き良き時代から来ました。まじめなアイドル、まじめにアイドル。」千葉県出身。早稲田大学文学部 日本語日本文学コース専攻を卒業。中学校教諭ならびに高等学校教諭一種免許状[国語]取得。大好きな「アイドル」そして「ゆるキャラ」を繋ぐ「ゆるドル」として活動を行い、ゆるキャラ界で絶大な人気を誇る。「ゆるキャラ?グランプリ」をはじめ、各種キャラクターイベントにMCや”ゆるキャラ通訳”として出演中。2017年にはワンマンツアー『寺嶋由芙の会いに行くつもり』supported by japanぐる～ヴ(BS朝日) を千葉、福岡、広島、仙台、札幌、大阪、名古屋、東京、そして沖縄での追加公演の9都市で開催し、各地のキャラ達と共演し盛況を収めた。2018年4月25日に2ndアルバム「きみが散る」をリリース予定。秋には”ソロ活動5周年”を迎える。,,
https://d22g9jocipknag.cloudfront.net/img/lineup/720.jpeg?t=1531463200,http://www.theretheretheres.tokyo,THERE THERE THERES ,2017年2月18日に赤坂BLITZワンマンでデビュー。平澤芽衣、小島ノエ、有坂玲菜、カイ、朝倉みずほの5人組。カオスを巻き起こした前身（BELLRING少女ハート）から一転、芸術性を追求した“魅せる”グループとして進化している。ブリティッシュ・ロック、サイケデリック・ロックを基調としながら、静寂と激情が表現される演劇のようなステージが魅力。,,
https://d22g9jocipknag.cloudfront.net/img/lineup/678.jpeg?t=1530846054,http://www.3bjr.com/,3B junior ,3B junior(スリービージュニア)はスターダストプロモーションが満を持して送り出す特殊部隊。あらゆる分野で活躍できるグループ目指し、道なき道を切り開くため全力疾走中。道理の通らぬ世の中に敢えて挑戦する、便りになる神出鬼没のグループである。結成時から徹底的なボイストレーニングやダンスレッスンを受けて鍛えられ、定例公演やワンマンライブ、数々のイベント出演などを行いながら実力をつけてきた。2014年11月にももいろクローバーZ「女祭り2014」ライブビューイング会場でのオープニングアクトとして初お披露目。その後2015年4月に西武遊園地にて第1回定例公演を開催。これまでに30回の単独定例公演を開催している。2015年8月14日に初の単独ライブ「3B junior 浅草大歌謡ショー」を浅草公会堂で開催。同日1stシングル『Fragile Stars/勇気のシルエット』(2015年8月14日発売)をライブ会場限定で販売スタート。2016年4月には2ndシングル『Stardust Fantasia』(2016年4月16日発売)をライブ・イベント会場限定で手売りにて販売スタート。また4月28日より冠番組となる「清塚信也のガチンコ3B junior」がフジテレビNEXTにて放送開始となる。その後初の全国流通作品として発売した1stアルバム『3B junior ファースト・アルバム2016』(2016年9月7日発売)がオリコンウィークリーCDアルバムランキング12位、ウィークリーインディーズアルバムランキング1位を獲得。2017年4月1日EX THEATER ROPPONGIで開催された単独公演を収録した初となる映像作品『3B junior 春の全力レビュー2017 遙かなるアポロンの彼方へ Live Blu-ray』とアルバム収録したアルバム『3B junior 春の全力レビュー2017 遙かなるアポロンの彼方へ SOUND TRACK』(2017年8月30日発売)をリリースした。これまでに「ロッカジャポニカ（キングレコード）」「はちみつロケット（ポニーキャニオン）」と２つのメジャーデビューアイドルを輩出。現在は14名のメンバーが在籍している。,
https://d22g9jocipknag.cloudfront.net/img/lineup/641.jpeg?t=1531290697,http://tokyogirlsstyle.jp/,東京女子流 ,「音楽の楽しさを歌って踊って伝えたい！」2010年結成のエイベックス所属のガールズ・ダンス&ボーカル・グループ。その名の通り、東京からアジアそして世界へ「音楽の楽しさを歌って踊って伝える」ことをコンセプトとして活動。ディスコ・ファンクから、EDM・Future Houseと幅広いジャンルにて、ハイクオリティな楽曲を発表し続け、ダンス&ボーカルの可能性を追求するライブパフォーマンスを見せる注目のガールズグループへ。今後の日本のポップスシーンを担うグループである。,
https://d22g9jocipknag.cloudfront.net/img/lineup/690.jpeg?t=1530846054,http://tokyocutecute.com,東京CuteCute ,「東京で1番カワイイアイドルグループ」を目指して活動をする7人組ユニット。2018年は3月にOTODAMA RECORDSよりCD『SUGAR / 悠久シンフォニー』を全国リリース。現在9月9日のワンマンライブ『Cute9祭2018』に向けて、アイドルフェスや各地対バンなど精力的に出演中。そのビジュアルの高さやパフォーマンス力で今後のブレイクが期待されている。,
https://d22g9jocipknag.cloudfront.net/img/lineup/674.jpeg?t=1530846054,http://tpd-web.com/,東京パフォーマンスドール ,約17年の時を経て、2013年6月19日、全国8800人の中から選び抜かれた新メンバーで復活！初代TPDのDNAを継承し、唯一無二のパフォーマンスグループを目指して活動中。MCを挟まずに繰り広げる歌とダンスのノンストップパフォーマンス“ダンスサミット”公演は見どころ満載の高揚感溢れる総合エンターテインメント。2014年6月「BRAND NEW STORY」でメジャーデビュー!その後発売したシングルでは、4作連続オリコン週間ランキングTOP5入りを果たす。2017年1月には待望の1stフルアルバムを発売し、３月には中野サンプラザ公演を大成功させ、９月にリリースしたミニアルバム「Summer Glitter」は、初のオリコンデイリー1位を獲得。2018年6月6日に7枚目シングル「Shapeless」をリリースする。,
https://d22g9jocipknag.cloudfront.net/img/lineup/673.jpeg?t=1531213179,http://www.toysmiley.jp,TOY SMILEY ,世界に「笑顔」をお届けするために、おもちゃ箱に夢と希望を詰め込んで飛び出した7人組”全力”アイドルグループ！2017年4月10日結成！元アイドリング!!!の伊藤祐奈プロデュースの、7人7色の個性豊かなメンバーからなる”全力”アイドルグループ。通称トイスマ/トイスマちゃん。１年前までど素人だった7人が、一人前のアイドルになるため日々努力し、１つ１つのステージに全力パフォーマンスで、世界に「笑顔」をお届けします！,
https://d22g9jocipknag.cloudfront.net/img/lineup/742.jpeg?t=1531463200,http://tpd-web.com/dash/,TPD DASH!! ,2013年に再結成された新生・東京パフォーマンスドール(TPD)の妹ユニットとしてTPD DASH!!を継承して再結成された。TPDの単独公演「1 X 0」で初舞台。以降、アイドルイベントライブの活動を始め、2015年8月に初ワンマンライヴ、その後もワンマンライヴを数回重ね、オリジナル脚本による舞台劇「DASH!!1本火事のもと」を上演、その他にはトークイベントやバラエティイベントを精力的に行う。ライヴにトークにお芝居に、神出鬼没な「チームTPDのヤンチャ系」。今回、黒須遥、谷川陽菜の2人体制になってから初登場!!ますます型破りに駆け回る2人をお見逃しなく!,
https://d22g9jocipknag.cloudfront.net/img/lineup/688.jpeg?t=1530846054,https://tsuribit.com/,つりビット ,つりビットは、釣りに打ち込むことを誓ったアイドルとしてデビュー。釣りというテーマと王道ポップス的な楽曲が注目の的に。2017/2/26赤坂BLITZにて開催されたワンマンライブがsoldout、テレビ番組にも取り上げられるなど一躍脚光を浴びファンが急増中。アイドルとしてアングラーとして、少女たちはいつか世界を釣り上げます！,
https://d22g9jocipknag.cloudfront.net/img/lineup/626.jpeg?t=1530846055,http://www.uijin-official.com/,uijin ,2016年12月に結成された、ありぃ、りん、ひとちび、やよいの4人組アイドルグループ。「neo tokyo」という架空の都市をコンセプトに活動中。メンバー自身によって作詞された楽曲は、等身大の想いが歌詞になりライブを通して表現、発信されている。2017年7月に初の流通音源にしてフルアルバム「stay hungry, stay foooolish」をリリース。結成2年目となる2018年は、4月18日にミニアルバム「everything is practice」のリリース、5月25日にはTSUTAYA O-WESTのワンマンライブ開催などが決定している。
https://d22g9jocipknag.cloudfront.net/img/lineup/684.jpeg?t=1530846054,http://www.upupgirlskakkokari.com,アップアップガールズ(仮) ,鍛えられた体で、富士山の山頂や陸の孤島、自衛隊教練体験直後など、アイドルでは前人未到のライブを行い、いつ何時、どんな場所でも、熱いライブを繰り広げるアスリート系アイドル。ハロプロエッグ出身で、2011年4月から活動をスタートし、翌年4月にCDデビュー。2014年、中野サンプラザでの念願の単独ライブのチケットは即日完売となり、超満員のファンを大熱狂させる圧倒的なライブで大成功を収めた。2016年11月8日、インディーズアイドル初の日本武道館公演を開催。2017年9月16日、グループ初のメンバー卒業を経て5人体制となった。今年、結成7周年を迎え、上へ上へと目指すべく、日々邁進中！,
https://d22g9jocipknag.cloudfront.net/img/lineup/685.jpeg?t=1530846054,https://ameblo.jp/upupgirls2ki/,アップアップガールズ(２) ,2016年11月8日、アップアップガールズ（仮）日本武道館超決戦vol.1にて発表されたオーディションの参加者約750名の中から選ばれ、5人組として走りだしたアップアップガールズ（２）。結成3ヶ月にして秋田ダイハツのTVCMに単独出演。2017年8月には両A面シングル「Sun!×3／二の足Dancing」でT-Palette Recordsよりデビュー。2018年4月21日に行われた初の単独ライブにて、研修生として1年間レッスンを行ってきた[中川千尋]と[佐々木ほのか]の加入が発表された。7月7日に行われるアップアップガールズ（フェス）での7人体制初お披露目に向けてアップアップ中！,
https://d22g9jocipknag.cloudfront.net/img/lineup/686.jpeg?t=1530846054,https://ameblo.jp/upupgirls-prowrestling/,アップアップガールズ(プロレス) ,2017年5月29日、真剣にプロレスラーを目指し、そしてアイドルを目指す女性を募集する「アップアップガールズ×DDT新プロジェクト アップアップガールズ（プロレス）」の記者会見が行われ、2ヶ月半に渡るオーディションを勝ち抜いた4名で活動をスタート。アイドルとしては結成わずか2週間程で、＠JAM EXPO 2017にて初のオリジナル曲「アッパーキック！」を初披露。プロレスラーとしては2018年1月4日の東京女子プロレス後楽園大会にてリングデビュー。アイドルとプロレスの垣根を超えた活動に目が離せない！,
https://d22g9jocipknag.cloudfront.net/img/lineup/743.jpeg?t=1531463200,http://www.whydoll.jp,WHY@DOLL ,北海道札幌市出身。2014年9月ビクターよりメジャーデビュー、シングル3枚とアルバム2作(ミニアルバム含む)をリリースした後、2016年にタワーレコードのアイドル専門レーベル“T-Palette Records”に移籍、現在までシングル3枚とアルバム1作をリリース。シティポップ～R&B～ディスコファンク等どこか懐かしさを感じさせる心地よい音楽と、彼女達独特の「ゆるふわ」感が生みだす癒しが武器の2人組ガールズユニット。,
https://d22g9jocipknag.cloudfront.net/img/lineup/726.jpeg?t=1531463200,http://wa-suta.world,わーすた ,わーすた(WASUTA)2015年3月29日結成。世界に照準を合わせ活動する、デジタルネイティブ世代アイドル。SNSとリアルアイドル活動を通じて世界にKAWAIIジャパンアイドルカルチャーを発信している。グループ名は「The World Standard」の略。2017年フランスJAPAN EXPOに出演3ステージで約1万人を動員。テレビ東京系アニメ「キラッとプリ☆チャン」エンディングテーマ「プリティー☆チャンネル」を担当。2018年飛躍宣言「わーすたわんだふるYEAR」と題して4月から12か月連続新曲発表、6/20ミニアルバム発売、わーすた単独ファンクラブ「わーしっぷ」設立。6/24から全国7都市を回るサマーライブツアー「イセ食品 森のたまご presents わーすた Summer LIVE TOUR 2018 ～JUMPING SUMMER～」を開催する。,
https://d22g9jocipknag.cloudfront.net/img/lineup/669.jpeg?t=1530846054,https://wyenra.themedia.jp,ゑんら ,コンセプト「煙のように変幻自在、枠に囚われず様々なエンターテイメントを追求していく」,
https://d22g9jocipknag.cloudfront.net/img/lineup/744.jpeg?t=1531463200,https://www.yamaguchikasseigakuen.com,Yamakatsu ,2011年10月に結成された5人組の山口を拠点に活動するアイドルグループ。日本屈指の熱量を誇るパフォーマンス、等身大の彼女達の姿やメッセージを表現した楽曲で注目を集め、大型フェスへの出演や、様々なジャンルのアーティストとの対バンを行うなど、幅広く活動。また、山口県ふるさと大使に就任し、県内外問わず地元の地域活性化の一手を担う活動を積極的に行うなど、ローカルアイドルの理想形を追求している。2015年には、所属レーベルを「きゃりーぱみゅぱみゅ」「中田ヤスタカ」等を擁するアソビシステムが中心となり立ち上げたアイドル専門レーベル『フジヤマプロジェクトジャパン』へ移籍。2018年4月に山口活性学園から「Yamakatsu」へと改名。そして11月には、山口県在住アーティストとしては初となる「周南市文化会館」でのワンマンライブが決定。,
https://d22g9jocipknag.cloudfront.net/img/lineup/645.jpeg?t=1530846054,http://yanakotosottomute.com/,ヤなことそっとミュート ,2016年6月結成、本格的なオルタナ、グランジサウンドを武器にパワフルなステージを魅せる。なでしこ、間宮まに、南一花、レナの4人グループ。,
https://d22g9jocipknag.cloudfront.net/img/lineup/677.jpeg?t=1530846054,http://yumeado.com/index.php,夢みるアドレセンス ,人気ティーンファッション誌モデルを中心に、荻野可鈴、山田朱莉、志田友美、小林れい、京佳 5人で2012年にグループ結成。2015年3月にシングル『Bye Bye My Days』でソニー・ミュージックアソシエイテッドレコーズよりメジャーデビュー。 真心ブラザーズ、オカモトショウ(OKAMOTO'S)、志磨遼平(ドレスコーズ)、首藤義勝(KEYTALK)、MINMI、川谷絵音(ゲス 極み乙女/indigo la End)、 大森元貴(Mrs.GREEN APPLE)、こやまたくや(ヤバイTシャツ屋さん)、西寺郷太(NONA REEVES)、SCANDAL MAMIら豪華クリエイターによる楽曲提供がアイドル ファン みならず評判を呼び、「いま最も攻めてるアイドル」として注目を集めている。 2017年3月に 5人で 活動を総括する集大成となるベストアルバム『5』をリリースし、次なるステージへと踏み出した。 2017年3月31日、メンバー 山田朱莉がグループから卒業。 11月15日にリリースした4人体制で ラストシングル『20xx/Exceeeed!!』 オリコンウィークリー8位と4万枚 セールスを記録し縺3月14日にオレンジレンジNAOTO作詞作曲による、新体制第一弾シングル『桜』をリリースする。
https://d22g9jocipknag.cloudfront.net/img/lineup/689.jpeg?t=1530846054,http://zenryoku-r.com,全力少女R ,2016年4月23日「全心全力体当たり」をコンセプトに掲げ、神LIVE（東京キネマ倶楽部)にてデビュー。東京を拠点とし、東名阪福でも精力的に活動を行う。2018年4月に4大都市ツアーを行い、4/1名古屋 4/8大阪 4/22福岡 4/29東京でツアーファイナルを迎え成功を収める。7月11日に5枚目となるニューシングル『全力センセーション』を発売！一つ一つのライブを感謝を持って全力で活動しています！
https://d22g9jocipknag.cloudfront.net/img/lineup/727.jpeg?t=1531463200,https://playballs.jp,絶対直球女子！プレイボールズ ,2015年6月に結成された野球を振興することをテーマとしたアイドルグループ。メンバーは元野球部・ソフトボール部、野球部マネージャー、チアリーダー、吹奏楽部など、何らかの形で野球に携わったことがある。野球を振興するべく、アイドルという形態と音楽を通して野球の魅力を余すことなく伝えていく。力いっぱいの全力の試合(ライブ)が魅力のアイドル。
https://d22g9jocipknag.cloudfront.net/img/lineup/635.jpeg?t=1530846054,http://dempagumi.tokyo/,古川未鈴(でんぱ組.inc) ,165cm 9/19生まれ Ａ型 香川県出身キャッチフレーズ：歌って踊れるゲーマーアイドルでんぱ組.incのセンター。新体操、クラシックバレエの経験をいかしダンスリーダーでもある。コンシューマーからアーケード、ネットゲームまで幅広く網羅し、ゲーム番組のMCもこなす。@JAM EXPO 2017総合司会。ニックネーム：みりんちゃんテーマカラー：赤ヲタクジャンル：ゲーム
https://d22g9jocipknag.cloudfront.net/img/lineup/648.jpeg?t=1530846054,http://expo.at-jam.jp/series/expo2018,MEY ,@JAM EXPO 2018を盛り上げるために期間限定ユニットとして、2014年は「ユフ?マリ」、2015年「晏美蘭」、2016年「NAH」、2017年「サクラノユメ。」に続き、今年も新たなグループを結成！虹のコンキスタドールから鶴見萌、愛乙女☆DOLL安藤笑、マジカル・パンチラインより沖口優奈の、美しくもスレンダーな3名を選抜。例年同様にそれぞれの名前をキーワードに2018年「MEY（メイ）」として期間限定ユニットが始動します。イベント盛り上げ役としてはもちろんのこと、シーン全体の活性化を目指して始動し
https://d22g9jocipknag.cloudfront.net/img/lineup/636.jpeg?t=1530846054,http://yufuterashima.com/,寺嶋由芙 ,「古き良き時代から来ました。まじめなアイドル、まじめにアイドル。」千葉県出身。早稲田大学文学部 日本語日本文学コース専攻を卒業。中学校教諭ならびに高等学校教諭一種免許状[国語]取得。大好きな「アイドル」そして「ゆるキャラ」を繋ぐ「ゆるドル」として活動を行い、ゆるキャラ界で絶大な人気を誇る。「ゆるキャラ?グランプリ」をはじめ、各種キャラクターイベントにMCや”ゆるキャラ通訳”として出演中。2017年にはワンマンツアー『寺嶋由芙の会いに行くつもり』supported by japanぐる～ヴ(BS朝日) を千葉、福岡、広島、仙台、札幌、大阪、名古屋、東京、そして沖縄での追加公演の9都市で開催し、各地のキャラ達と共演し盛況を収めた。2018年4月25日に2ndアルバム「きみが散る」をリリース予定。秋には”ソロ活動5周年”を迎える。
https://d22g9jocipknag.cloudfront.net/img/lineup/713.jpeg?t=1530528760,http://omiyaidoll.net,大宮I☆DOLL ,JR大宮駅徒歩4分のエリアに、ステージ常設アイドル育成型ライブカフェを拠点とし活動する埼玉県のご当地アイドル「大宮I☆DOLL」年間1000本以上のLIVEをこなし、実践で築き上げたLIVE経験を活かし、熱く一緒に楽しめるLIVEを求め続け日々活動をしており、見る人の心に訴えるエモーショナルなLIVEがみどころ！！
https://d22g9jocipknag.cloudfront.net/img/lineup/710.jpeg?t=1530528064,https://pico-revo.com,ピコピコ☆レボリューション ,2014年に結成された北陸・富山県を拠点に活動しているアイドルグループ。略称は「ピコ☆レボ」叩かれると幸せになれるピコピコハンマーを持ちながらライブを行っている。昨年、初の全国流通CD「ぴこぴこぐるーびん」をリリースし、2018年9月にはNew single ダブルA面「ピコレボクエスト」「MAGIC NUMBER」をリリース予定！現在は北陸はもとより活動範囲を広げ東京での新たな躍進を目指し活動中。
https://d22g9jocipknag.cloudfront.net/img/lineup/711.jpeg?t=1530528180,http://wgmm.jp,ワガママきいて？？ ,メンバーあさか、あやの、うり、はるひ、もえ、ゆりあ2017年6月25日活動開始。アレもしたいコレもしたい何でもやってみたいがコンセプト。
https://d22g9jocipknag.cloudfront.net/img/lineup/712.jpeg?t=1530528629,http://www.yoyojyo.com,代々木女子音楽院 ,これまで数多くの音楽アーティストを輩出してきたミューズ音楽院が満を持してアイドル業界に一石を投じるプロジェクト第一弾として2016年7月に結成!地方活性化をコンセプトにしたご当地グループが数多く存在している中、情報発信地東京を強く意識した洗練されたグループという意味で代々木ご当地アイドルとして様々な活動をしております。2020年東京で行われるオリンピックを強く意識しており『TOKYO YAMANOTE GIRL』として世界の人達に注目されるようなグループを目指し東京各地での様々なイベントに参加しています。楽曲はAKB48やMAXなどにも楽曲提供しているLee Sungho(イ・ソンホ)氏を迎え振付もジャニーズやライジングプロダクションのアーティストを手掛けた芥川俊和(AKU)が全面監修のもと実績ある振付講師によって最先端の演出を促します。これらの環境で育った彼女たちの圧倒的な歌唱力とダンスパフォーマンスはアイドルという枠を超越したハイレベルなもので唯一無二のものとなっています。代々木駅から歩いて2分という好立地な場所に弊社のオフィスはあり、また自社ビルには200名程の集客キャパシティのあるホール劇場を完備しております。自主開催ライブを行ないながら活躍の場を作りより広いマーケットでの認知を目指します。
https://d22g9jocipknag.cloudfront.net/img/lineup/666.jpeg?t=1530846054,http://www.saisoncard.co.jp/saison52/,東池袋52 ,東京・東池袋 サンシャイン60の52階に本社を置く、クレディセゾンおよび関係会社社員42名のメンバーで構成されている「東池袋52」。セゾンのプライドとホスピタリティとともに、（勝手に）アンサーソング「わたしセゾン」で2017年5月にデビュー！「会社員のアイドル」という意外性と、「PVのクオリティの高さ」・「歌の良さ」等が話題となり、瞬く間に様々なメディアに取り上げられました。デビューシングル「わたしセゾン」?4thシングル「雪セゾン」まで、作詞はCM界を代表するコピーライター仲畑貴志氏、作曲はヒットメーカー多田慎也氏、振付は有名アイドルグループを数々手がける振付屋かぶきもん氏に担当していただいています。本物の「東池袋52」をぜひご覧ください。
