[Love Live! series]ãƒ©ãƒ–ãƒ©ã‚¤ãƒ–ï¼ã‚·ãƒªãƒ¼ã‚ºå…¬å¼ãƒãƒ£ãƒ³ãƒãƒ«ãƒãƒ£ãƒ³ãƒãƒ«ç™»éŒ²è€…æ•° 59.4ä¸‡äºº,https://www.youtube.com/@lovelive_series
ã€ŒKING AMUSEMENT CREATIVEã€å…¬å¼ãƒãƒ£ãƒ³ãƒãƒ«ãƒãƒ£ãƒ³ãƒãƒ«ç™»éŒ²è€…æ•° 44.2ä¸‡äºº,https://www.youtube.com/@KAC_official
ã€ŒTHE FACTã€ ãƒã‚¹ã‚³ãƒŸãŒå ±é“ã—ãªã„ã€Œäº‹å®Ÿã€ã‚’ä¸–ç•Œã«ä¼ãˆã‚‹ç•ªçµ„ãƒãƒ£ãƒ³ãƒãƒ«ç™»éŒ²è€…æ•° 16.7ä¸‡äºº,https://www.youtube.com/@ThefactJp
ã€ŒãŸã ã‚ˆã³ã€ãƒ™ãƒ¼ã‚·ãƒƒã‚¯ç†ç³»ãƒãƒ£ãƒ³ãƒãƒ«ç™»éŒ²è€…æ•° 7.64ä¸‡äºº,https://www.youtube.com/@tadayobi-science
ã€å›½ã®é›‘å­¦ã€è§£èª¬ãƒãƒ£ãƒ³ãƒãƒ«ã€ã‚†ã£ãã‚Šè§£èª¬ã€‘ãƒãƒ£ãƒ³ãƒãƒ«ç™»éŒ²è€…æ•° 1.57ä¸‡äºº,https://www.youtube.com/@user-zc1mb2ck8j
ã€æ–°æ—§ã‚¢ãƒ‹ãƒ¡ã€ã‚’ã‚†ã£ãã‚Šè§£èª¬ãƒãƒ£ãƒ³ãƒãƒ«ç™»éŒ²è€…æ•° 2.87ä¸‡äºº,https://www.youtube.com/@shinkyuanimeyukkuri
ã€ä¸–ç•Œã®å¢³ä¸˜ã‹ã‚‰ã€gotas1975ãƒãƒ£ãƒ³ãƒãƒ«ç™»éŒ²è€…æ•° 3790äºº,https://www.youtube.com/@gotas1975
ã€æ—…ã™ã‚‹ã‚ˆã†ã«å­¦ã¶ä¸–ç•Œéºç”£ã€ä¸–ç•Œéºç”£æ¤œå®šå…¬å¼YouTubeãƒãƒ£ãƒ³ãƒãƒ«ãƒãƒ£ãƒ³ãƒãƒ«ç™»éŒ²è€…æ•° 1.7ä¸‡äºº,https://www.youtube.com/@sekakenman47
ã€World Tourã€‘ä¸–ç•Œã‚’å·¡ã‚‹æ—…ãƒãƒ£ãƒ³ãƒãƒ«ç™»éŒ²è€…æ•° 1.96ä¸‡äºº,https://www.youtube.com/@world_tour
ã€ã‚°ãƒ¬ãƒ¼ãƒˆã‚¸ãƒ£ãƒ¼ãƒ‹ãƒ¼ã€‘é–¢é‡å‰æ™´ãƒ»æ¢æ¤œå®¶ãƒãƒ£ãƒ³ãƒãƒ«ç™»éŒ²è€…æ•° 2.15ä¸‡äºº,https://www.youtube.com/@GJsekino
ã€ã‚†ã£ãã‚Šè§£èª¬ã€‘9å‰²ãŒçŸ¥ã‚‰ãªã„é›‘å­¦ãƒãƒ£ãƒ³ãƒãƒ«ç™»éŒ²è€…æ•° 31.2ä¸‡äºº,https://www.youtube.com/@9wari.zatugaku
ã€ã‚†ã£ãã‚Šè§£èª¬ã€‘ãƒ¤ãƒã„é›‘å­¦ã¾ã¨ã‚ãƒãƒ£ãƒ³ãƒãƒ«ãƒãƒ£ãƒ³ãƒãƒ«ç™»éŒ²è€…æ•° 11ä¸‡äºº,https://www.youtube.com/@user-pz8sh3bn2i
ã€ã‚†ã£ãã‚Šè§£èª¬ã€‘å¤ä»£ç”Ÿç‰©ã¡ã‚ƒã‚“ã­ã‚‹ãƒãƒ£ãƒ³ãƒãƒ«ç™»éŒ²è€…æ•° 5.29ä¸‡äºº,https://www.youtube.com/@kodaiseibutuch
ã€ã‚†ã£ãã‚Šè§£èª¬ã€‘ç¥ã€…ã®ä¼èª¬ãƒãƒ£ãƒ³ãƒãƒ«ãƒãƒ£ãƒ³ãƒãƒ«ç™»éŒ²è€…æ•° 586äºº,https://www.youtube.com/@user-rg2tw8jl5w
ã€ã‚†ã£ãã‚Šè§£èª¬ã€‘çœ ã‚Œãªããªã‚‹å®‡å®™Cosmosãƒãƒ£ãƒ³ãƒãƒ«ãƒãƒ£ãƒ³ãƒãƒ«ç™»éŒ²è€…æ•° 810äºº,https://www.youtube.com/@cosmos2543
ã€æµ·å¤–ã®åå¿œã€‘æ—¥æœ¬ã®èª‡ã‚Šã¯æ¨ã¦ã‚‰ã‚Œãªã„ãƒãƒ£ãƒ³ãƒãƒ«ç™»éŒ²è€…æ•° 3.49ä¸‡äºº,https://www.youtube.com/@japan-hokori
ã€å…¬å¼ã€‘BN Picturesãƒãƒ£ãƒ³ãƒãƒ«ãƒãƒ£ãƒ³ãƒãƒ«ç™»éŒ²è€…æ•° 11.9ä¸‡äºº,https://www.youtube.com/@BNPictures
ã€å…¬å¼ã€‘ã‚¢ãƒ¼ã‚¹ãƒ»ã‚¹ã‚¿ãƒ¼ ã‚¨ãƒ³ã‚¿ãƒ¼ãƒ†ã‚¤ãƒ¡ãƒ³ãƒˆãƒãƒ£ãƒ³ãƒãƒ«ç™»éŒ²è€…æ•° 2.34ä¸‡äºº,https://www.youtube.com/@earthstarofficial
ã€å…¬å¼ã€‘ãŒã‚‹ãŒã‚‹ã¡ã‚ƒã‚“ã­ã‚‹ãƒãƒ£ãƒ³ãƒãƒ«ç™»éŒ²è€…æ•° 4.82ä¸‡äºº,https://www.youtube.com/@GaruGaruChannel
ã€å…¬å¼ã€‘é‚ªç¥ã¡ã‚ƒã‚“ã­ã‚‹ã€åˆ‡ã‚ŠæŠœãOKã€‘ãƒãƒ£ãƒ³ãƒãƒ«ç™»éŒ²è€…æ•° 21.2ä¸‡äºº,https://www.youtube.com/@ok3853
ã€å…¬å¼ã€‘æ­¦ç”°é‚¦å½¦ã®çµ¡åˆãƒãƒ£ãƒ³ãƒãƒ«ãƒãƒ£ãƒ³ãƒãƒ«ç™»éŒ²è€…æ•° 6810äºº,https://www.youtube.com/@user-lx3db2sw9v
ã€ç™»å±±ãƒ»ãƒ©ãƒ³ãƒ‹ãƒ³ã‚°ã€‘ãˆã„ãƒãƒ£ãƒ³ãƒãƒ«ãƒãƒ£ãƒ³ãƒãƒ«ç™»éŒ²è€…æ•° 104äºº,https://www.youtube.com/@eichan_mountain
@user-nn7mk5ld4rãƒãƒ£ãƒ³ãƒãƒ«ç™»éŒ²è€…æ•° 1.81ä¸‡äºº,https://www.youtube.com/@user-nn7mk5ld4r
â—†ãƒ€ãƒ³ã‚¹ã§ã‚ãã¼â—†[DDA]ãƒãƒ£ãƒ³ãƒãƒ«ç™»éŒ²è€…æ•° 7320äºº,https://www.youtube.com/@danceholic2100
10 Cats.á©ãƒãƒ£ãƒ³ãƒãƒ«ç™»éŒ²è€…æ•° 107ä¸‡äºº,https://www.youtube.com/@10Cats
12K Scenic Relaxationãƒãƒ£ãƒ³ãƒãƒ«ç™»éŒ²è€…æ•° 2.96ä¸‡äºº,https://www.youtube.com/@12KScenicRelaxation
22/7 OFFICIAL YouTube CHANNELãƒãƒ£ãƒ³ãƒãƒ«ç™»éŒ²è€…æ•° 10.2ä¸‡äºº,https://www.youtube.com/@227SMEJ
4KRelaxationDenãƒãƒ£ãƒ³ãƒãƒ«ç™»éŒ²è€…æ•° 426äºº,https://www.youtube.com/@4KRelaxationDen
777myleneãƒãƒ£ãƒ³ãƒãƒ«ç™»éŒ²è€…æ•° 10.3ä¸‡äºº,https://www.youtube.com/@mylene777
A Family Travelãƒãƒ£ãƒ³ãƒãƒ«ç™»éŒ²è€…æ•° 1.79ä¸‡äºº,https://www.youtube.com/@aFamilyTravel
A.I.Channelãƒãƒ£ãƒ³ãƒãƒ«ç™»éŒ²è€…æ•° 303ä¸‡äºº,https://www.youtube.com/@AIChannel
ABBAãƒãƒ£ãƒ³ãƒãƒ«ç™»éŒ²è€…æ•° 443ä¸‡äºº,https://www.youtube.com/@OfficialABBA
ABEMAã€ã‚¢ãƒ™ãƒã€‘å…¬å¼ãƒãƒ£ãƒ³ãƒãƒ«ç™»éŒ²è€…æ•° 162ä¸‡äºº,https://www.youtube.com/@abema
Aerial Chinaãƒãƒ£ãƒ³ãƒãƒ«ç™»éŒ²è€…æ•° 5.29ä¸‡äºº,https://www.youtube.com/@aerialchina
aki-Electone soloãƒãƒ£ãƒ³ãƒãƒ«ç™»éŒ²è€…æ•° 12.7ä¸‡äºº,https://www.youtube.com/@aki929
AKSense - Zurichãƒãƒ£ãƒ³ãƒãƒ«ç™»éŒ²è€…æ•° 10.9ä¸‡äºº,https://www.youtube.com/@AKSense
Alan Walkerãƒãƒ£ãƒ³ãƒãƒ«ç™»éŒ²è€…æ•° 4370ä¸‡äºº,https://www.youtube.com/@Alanwalkermusic
Analog Audio Hiendãƒãƒ£ãƒ³ãƒãƒ«ç™»éŒ²è€…æ•° 9.88ä¸‡äºº,https://www.youtube.com/@analogaudiohiend6563
AngelHackãƒãƒ£ãƒ³ãƒãƒ«ç™»éŒ²è€…æ•° 1650äºº,https://www.youtube.com/@AngelHackHQ
animate Timesãƒãƒ£ãƒ³ãƒãƒ«ç™»éŒ²è€…æ•° 5.43ä¸‡äºº,https://www.youtube.com/@animateTimes
Anime Channel by ãƒ•ãƒªãƒ¥ãƒ¼ãƒãƒ£ãƒ³ãƒãƒ«ç™»éŒ²è€…æ•° 10.1ä¸‡äºº,https://www.youtube.com/@FuryuAnimeChannel
AnimeFestaã‚ªãƒªã‚¸ãƒŠãƒ«å…¬å¼Channelãƒãƒ£ãƒ³ãƒãƒ«ç™»éŒ²è€…æ•° 42.9ä¸‡äºº,https://www.youtube.com/@animefestachannel7633
Asamasaãƒãƒ£ãƒ³ãƒãƒ«ç™»éŒ²è€…æ•° 748äºº,https://www.youtube.com/@Asamasa
avex picturesãƒãƒ£ãƒ³ãƒãƒ«ç™»éŒ²è€…æ•° 38.1ä¸‡äºº,https://www.youtube.com/@avexpictures
avexãƒãƒ£ãƒ³ãƒãƒ«ç™»éŒ²è€…æ•° 597ä¸‡äºº,https://www.youtube.com/@avexofficial
Baraban-TVãƒãƒ£ãƒ³ãƒãƒ«ç™»éŒ²è€…æ•° 55.5ä¸‡äºº,https://www.youtube.com/@BarabanTV1
Beautiful World 4kãƒãƒ£ãƒ³ãƒãƒ«ç™»éŒ²è€…æ•° 2ä¸‡äºº,https://www.youtube.com/@beautifulworld4k
Best awesomeãƒãƒ£ãƒ³ãƒãƒ«ç™»éŒ²è€…æ•° 57.8ä¸‡äºº,https://www.youtube.com/@bestawesome747
BEST TRAVEL - ä¸–ç•Œã®çµ¶æ™¯ã‚’å·¡ã‚‹æ—…ãƒãƒ£ãƒ³ãƒãƒ«ç™»éŒ²è€…æ•° 9870äºº,https://www.youtube.com/@besttravel_jp
blue hippo filmsãƒãƒ£ãƒ³ãƒãƒ«ç™»éŒ²è€…æ•° 6.36ä¸‡äºº,https://www.youtube.com/@bluehippofilms
Booking.comãƒãƒ£ãƒ³ãƒãƒ«ç™»éŒ²è€…æ•° 59.4ä¸‡äºº,https://www.youtube.com/@bookingcom
CAMENGATãƒãƒ£ãƒ³ãƒãƒ«ç™»éŒ²è€…æ•° 30.1ä¸‡äºº,https://www.youtube.com/@CAMENGAT
Carpentersãƒãƒ£ãƒ³ãƒãƒ«ç™»éŒ²è€…æ•° 51.4ä¸‡äºº,https://www.youtube.com/@carpenters
CCTVçºªå½•ãƒãƒ£ãƒ³ãƒãƒ«ç™»éŒ²è€…æ•° 103ä¸‡äºº,https://www.youtube.com/@CCTVDocumentary
Chesen Lee 2021ãƒãƒ£ãƒ³ãƒãƒ«ç™»éŒ²è€…æ•° 2050äºº,https://www.youtube.com/@ChesenLee-zh5qk
China Timeãƒãƒ£ãƒ³ãƒãƒ«ç™»éŒ²è€…æ•° 654äºº,https://www.youtube.com/@ChinaTime2022
China Walking Tourãƒãƒ£ãƒ³ãƒãƒ«ç™»éŒ²è€…æ•° 1760äºº,https://www.youtube.com/@ChinaWalkingTour
ClassicalMusicEãƒãƒ£ãƒ³ãƒãƒ«ç™»éŒ²è€…æ•° 9.75ä¸‡äºº,https://www.youtube.com/@ClassicalMusicE
CNETãƒãƒ£ãƒ³ãƒãƒ«ç™»éŒ²è€…æ•° 364ä¸‡äºº,https://www.youtube.com/@CNET
Curious Chinaãƒãƒ£ãƒ³ãƒãƒ«ç™»éŒ²è€…æ•° 3.48ä¸‡äºº,https://www.youtube.com/@curiouschina8106
Cute Hubãƒãƒ£ãƒ³ãƒãƒ«ç™»éŒ²è€…æ•° 45ä¸‡äºº,https://www.youtube.com/@CuteHubTV
D4DJãƒãƒ£ãƒ³ãƒãƒ«ãƒãƒ£ãƒ³ãƒãƒ«ç™»éŒ²è€…æ•° 16.3ä¸‡äºº,https://www.youtube.com/@D4DJ_official
Discover Nipponãƒãƒ£ãƒ³ãƒãƒ«ç™»éŒ²è€…æ•° 18.5ä¸‡äºº,https://www.youtube.com/@Discover-Nippon
DistroãƒŠãƒŠãƒƒã‚­ãƒ¼ãƒãƒ£ãƒ³ãƒãƒ«ç™»éŒ²è€…æ•° 6620äºº,https://www.youtube.com/@DistroNanakey
Dj RyoZi 80s 90s 00s Music[Râ†’Z]ãƒãƒ£ãƒ³ãƒãƒ«ç™»éŒ²è€…æ•° 4.66ä¸‡äºº,https://www.youtube.com/@DjRyoZisssMusicRZ
Donald J Trumpãƒãƒ£ãƒ³ãƒãƒ«ç™»éŒ²è€…æ•° 275ä¸‡äºº,https://www.youtube.com/@DonaldJTrumpforPresident
Donaãƒãƒ£ãƒ³ãƒãƒ«ç™»éŒ²è€…æ•° 4450äºº,https://www.youtube.com/@Jibkopatha
DTX Newsãƒãƒ£ãƒ³ãƒãƒ«ç™»éŒ²è€…æ•° 2940äºº,https://www.youtube.com/@wfanimals4040
Duck Travel [ğŸ‡¯ğŸ‡µä¸–ç•Œä¸­ã«å‹é”ã‚’ä½œã‚‹]ãƒãƒ£ãƒ³ãƒãƒ«ç™»éŒ²è€…æ•° 9210äºº,https://www.youtube.com/@DuckTravel
EDM For You Musicãƒãƒ£ãƒ³ãƒãƒ«ç™»éŒ²è€…æ•° 62.6ä¸‡äºº,https://www.youtube.com/@EDMForYouMusic2
EggãŸã¾ã”ã€22/7å…¬å¼ã€‘ãƒãƒ£ãƒ³ãƒãƒ«ç™»éŒ²è€…æ•° 8280äºº,https://www.youtube.com/@eggSMEJ
ELEMENTSãƒãƒ£ãƒ³ãƒãƒ«ç™»éŒ²è€…æ•° 133ä¸‡äºº,https://www.youtube.com/@ELEMENTS0
EllaFreya ã‚¨ãƒ©ãƒ»ãƒ•ãƒ¬ã‚¤ãƒ¤ãƒãƒ£ãƒ³ãƒãƒ«ç™»éŒ²è€…æ•° 79ä¸‡äºº,https://www.youtube.com/@EraNyan
"Emerson Lake and Palmerãƒãƒ£ãƒ³ãƒãƒ«ç™»éŒ²è€…æ•° 7.44ä¸‡äºº",https://www.youtube.com/@emersonlakeandpalmer7873
Everyday Korean Channelãƒãƒ£ãƒ³ãƒãƒ«ç™»éŒ²è€…æ•° 7330äºº,https://www.youtube.com/@EverydayKoreanChannel
Finderãƒãƒ£ãƒ³ãƒãƒ«ç™»éŒ²è€…æ•° 2.6ä¸‡äºº,https://www.youtube.com/@FinderFinder
FlyingDogãƒãƒ£ãƒ³ãƒãƒ«ç™»éŒ²è€…æ•° 35.2ä¸‡äºº,https://www.youtube.com/@flyingDOGch
Folk Rock Country Collectionãƒãƒ£ãƒ³ãƒãƒ«ç™»éŒ²è€…æ•° 17.1ä¸‡äºº,https://www.youtube.com/@folkrockcountrycollection4875
Fracocoãƒãƒ£ãƒ³ãƒãƒ«ç™»éŒ²è€…æ•° 8.81ä¸‡äºº,https://www.youtube.com/@FracocoOO
freeCodeãƒãƒ£ãƒ³ãƒãƒ«ãƒãƒ£ãƒ³ãƒãƒ«ç™»éŒ²è€…æ•° 1.36ä¸‡äºº,https://www.youtube.com/@freecode1351
Freemanãƒãƒ£ãƒ³ãƒãƒ«ç™»éŒ²è€…æ•° 5.24ä¸‡äºº,https://www.youtube.com/@Freeobligation
FRONTIERWORKSãƒãƒ£ãƒ³ãƒãƒ«ç™»éŒ²è€…æ•° 16.1ä¸‡äºº,https://www.youtube.com/@FRONTIERWORKS
Funny Cat's TA-Q-BINãƒãƒ£ãƒ³ãƒãƒ«ç™»éŒ²è€…æ•° 6480äºº,https://www.youtube.com/@funnycatsta-q-bin8479
Funny Cats Lifeãƒãƒ£ãƒ³ãƒãƒ«ç™»éŒ²è€…æ•° 66ä¸‡äºº,https://www.youtube.com/@armandohibo1
GANMA!/ã‚¬ãƒ³ãƒ å…¬å¼ YouTubeãƒãƒ£ãƒ³ãƒãƒ«ç™»éŒ²è€…æ•° 1.93ä¸‡äºº,https://www.youtube.com/@GANMAofficial
GirlsÂ² Official YouTube Channelãƒãƒ£ãƒ³ãƒãƒ«ç™»éŒ²è€…æ•° 12.6ä¸‡äºº,https://www.youtube.com/@Girls2official
Hacka Channel ãƒãƒƒã‚«ãƒ‰ãƒ¼ãƒ«ãƒãƒ£ãƒ³ãƒãƒ«ç™»éŒ²è€…æ•° 6.9ä¸‡äºº,https://www.youtube.com/@Hackadoll
HALIDONMUSICãƒãƒ£ãƒ³ãƒãƒ«ç™»éŒ²è€…æ•° 392ä¸‡äºº,https://www.youtube.com/@HALIDONMUSIC
Harano Times Official Channelãƒãƒ£ãƒ³ãƒãƒ«ç™»éŒ²è€…æ•° 19.4ä¸‡äºº,https://www.youtube.com/@HaranoTimes
haruyuki onoueãƒãƒ£ãƒ³ãƒãƒ«ç™»éŒ²è€…æ•° 2.89ä¸‡äºº,https://www.youtube.com/@haruyukionoue
HiBiKi StYleãƒãƒ£ãƒ³ãƒãƒ«ç™»éŒ²è€…æ•° 12.9ä¸‡äºº,https://www.youtube.com/@HiBiKiStYle
HiroshimaUnivãƒãƒ£ãƒ³ãƒãƒ«ç™»éŒ²è€…æ•° 2.12ä¸‡äºº,https://www.youtube.com/@HiroshimaUniv
HISTORYå…¬å¼ãƒãƒ£ãƒ³ãƒãƒ«ç™»éŒ²è€…æ•° 36.6ä¸‡äºº,https://www.youtube.com/@HISTORYjp
HONG KONGãƒãƒ£ãƒ³ãƒãƒ«ç™»éŒ²è€…æ•° 8.14ä¸‡äºº,https://www.youtube.com/@hongkong
Hua Hua Le Travelsãƒãƒ£ãƒ³ãƒãƒ«ç™»éŒ²è€…æ•° 1.23ä¸‡äºº,https://www.youtube.com/@HuaHuaLeYouJi
ID Investigation Discoveryãƒãƒ£ãƒ³ãƒãƒ«ç™»éŒ²è€…æ•° 35.2ä¸‡äºº,https://www.youtube.com/@IDInvestigationDiscovery
iGlampingãƒãƒ£ãƒ³ãƒãƒ«ç™»éŒ²è€…æ•° 2100äºº,https://www.youtube.com/@iGlamping
IMAGICA EEXã€XR LIVEã€‘ãƒãƒ£ãƒ³ãƒãƒ«ç™»éŒ²è€…æ•° 1690äºº,https://www.youtube.com/@IMAGICAEEX-XRLIVE
JAPAN GEOGRAPHICãƒãƒ£ãƒ³ãƒãƒ«ç™»éŒ²è€…æ•° 7.96ä¸‡äºº,https://www.youtube.com/@JAPANGEOGRAPHIC
Japan Travel Walkãƒãƒ£ãƒ³ãƒãƒ«ç™»éŒ²è€…æ•° 1050äºº,https://www.youtube.com/@japan_travel_walk
Japanese Historyãƒãƒ£ãƒ³ãƒãƒ«ç™»éŒ²è€…æ•° 5070äºº,https://www.youtube.com/@JapaneseHistory
JST GogoShogoãƒãƒ£ãƒ³ãƒãƒ«ç™»éŒ²è€…æ•° 6.31ä¸‡äºº,https://www.youtube.com/@jstgogoshogo
JTBå…¬å¼ officialãƒãƒ£ãƒ³ãƒãƒ«ç™»éŒ²è€…æ•° 1.11ä¸‡äºº,https://www.youtube.com/@jtbjp
Kana Koikeãƒãƒ£ãƒ³ãƒãƒ«ç™»éŒ²è€…æ•° 3.02ä¸‡äºº,https://www.youtube.com/@KanaKoike
Kanbokehãƒãƒ£ãƒ³ãƒãƒ«ç™»éŒ²è€…æ•° 118ä¸‡äºº,https://www.youtube.com/@Kanbokeh
kangning Huãƒãƒ£ãƒ³ãƒãƒ«ç™»éŒ²è€…æ•° 2650äºº,https://www.youtube.com/@kangninghu3650
Kaorin tv JAPANã€å…¬å¼ã€‘ãƒãƒ£ãƒ³ãƒãƒ«ç™»éŒ²è€…æ•° 3.5ä¸‡äºº,https://www.youtube.com/@kaorintvjapan
Kapi Lab.ãƒãƒ£ãƒ³ãƒãƒ«ç™»éŒ²è€…æ•° 9.12ä¸‡äºº,https://www.youtube.com/@KapiLab
Karolina Protsenko Violinãƒãƒ£ãƒ³ãƒãƒ«ç™»éŒ²è€…æ•° 801ä¸‡äºº,https://www.youtube.com/@KarolinaProtsenkoViolin
Kawaii Pet TVãƒãƒ£ãƒ³ãƒãƒ«ç™»éŒ²è€…æ•° 702äºº,https://www.youtube.com/@kawaiipettv_super
KING RECORDSãƒãƒ£ãƒ³ãƒãƒ«ç™»éŒ²è€…æ•° 83.2ä¸‡äºº,https://www.youtube.com/@KINGRECORDS
Kitty - Piano Relaxingãƒãƒ£ãƒ³ãƒãƒ«ç™»éŒ²è€…æ•° 3080äºº,https://www.youtube.com/@kitty-pianorelaxing941
Kitty Lolaãƒãƒ£ãƒ³ãƒãƒ«ç™»éŒ²è€…æ•° 2320äºº,https://www.youtube.com/@kittylola6383
KM GAMESãƒãƒ£ãƒ³ãƒãƒ«ç™»éŒ²è€…æ•° 2.47ä¸‡äºº,https://www.youtube.com/@kmgames1251
Kraftwerkãƒãƒ£ãƒ³ãƒãƒ«ç™»éŒ²è€…æ•° 10.4ä¸‡äºº,https://www.youtube.com/@Kraftwerk
Kstyleãƒãƒ£ãƒ³ãƒãƒ«ç™»éŒ²è€…æ•° 9.3ä¸‡äºº,https://www.youtube.com/@kstylenews
kurijacoãƒãƒ£ãƒ³ãƒãƒ«ç™»éŒ²è€…æ•° 1330äºº,https://www.youtube.com/@kurijaco
Kute Catsãƒãƒ£ãƒ³ãƒãƒ«ç™»éŒ²è€…æ•° 42.7ä¸‡äºº,https://www.youtube.com/@kutecats6526
LALALA MYSTERY secondãƒãƒ£ãƒ³ãƒãƒ«ç™»éŒ²è€…æ•° 2.05ä¸‡äºº,https://www.youtube.com/@lalalasecond
LALALA MYSTERYãƒãƒ£ãƒ³ãƒãƒ«ç™»éŒ²è€…æ•° 10ä¸‡äºº,https://www.youtube.com/@lalalamystery
LALALA MYSTEY 3ãƒãƒ£ãƒ³ãƒãƒ«ç™»éŒ²è€…æ•° 9350äºº,https://www.youtube.com/@lalalamystery_3
Lantis Channelãƒãƒ£ãƒ³ãƒãƒ«ç™»éŒ²è€…æ•° 69.5ä¸‡äºº,https://www.youtube.com/@Lantis
LEMURIA CHï¼ãƒ¬ãƒ ãƒªã‚¢ãƒ»ãƒãƒ£ãƒ³ãƒãƒ«ãƒãƒ£ãƒ³ãƒãƒ«ç™»éŒ²è€…æ•° 2.47ä¸‡äºº,https://www.youtube.com/@lemuriach3391
LiaLico Channelãƒãƒ£ãƒ³ãƒãƒ«ç™»éŒ²è€…æ•° 26.4ä¸‡äºº,https://www.youtube.com/@LiaLicoChannel
Lissa ä¸–ç•Œæ—…éŠè¶£ãƒãƒ£ãƒ³ãƒãƒ«ç™»éŒ²è€…æ•° 852äºº,https://www.youtube.com/@LissaLin
Los Animalsãƒãƒ£ãƒ³ãƒãƒ«ç™»éŒ²è€…æ•° 51.4ä¸‡äºº,https://www.youtube.com/@losanimls
LOST NEWSãƒãƒ£ãƒ³ãƒãƒ«ç™»éŒ²è€…æ•° 15.5ä¸‡äºº,https://www.youtube.com/@LOSTNEWS
Lovely Landscapeãƒãƒ£ãƒ³ãƒãƒ«ç™»éŒ²è€…æ•° 4330äºº,https://www.youtube.com/@lovelylandscape396
lovelyÂ² / mirageÂ² Official YouTube Channelãƒãƒ£ãƒ³ãƒãƒ«ç™»éŒ²è€…æ•° 6.49ä¸‡äºº,https://www.youtube.com/@lovely2_mirage2_official
LSç‹¬å­¦ãƒãƒ£ãƒ³ãƒãƒ«ãƒãƒ£ãƒ³ãƒãƒ«ç™»éŒ²è€…æ•° 220äºº,https://www.youtube.com/@lifestream2018
LuckyÂ² Official YouTube Channelãƒãƒ£ãƒ³ãƒãƒ«ç™»éŒ²è€…æ•° 2ä¸‡äºº,https://www.youtube.com/@Lucky2official
luckyãªäº‹ãŒèµ·ããªã„äººãƒãƒ£ãƒ³ãƒãƒ«ç™»éŒ²è€…æ•° 3.57ä¸‡äºº,https://www.youtube.com/@luck_M7
Luna Ch. å§«æ£®ãƒ«ãƒ¼ãƒŠãƒãƒ£ãƒ³ãƒãƒ«ç™»éŒ²è€…æ•° 93.8ä¸‡äºº,https://www.youtube.com/@HimemoriLuna
Macaron Chan å—ãƒ•ãƒ©ãƒ³ã‚¹ç”°èˆå¨˜ãƒãƒ£ãƒ³ãƒãƒ«ç™»éŒ²è€…æ•° 10.3ä¸‡äºº,https://www.youtube.com/@macaronchan5522
Machine Eyeãƒãƒ£ãƒ³ãƒãƒ«ç™»éŒ²è€…æ•° 22ä¸‡äºº,https://www.youtube.com/@MachineEye
Magic Clubãƒãƒ£ãƒ³ãƒãƒ«ç™»éŒ²è€…æ•° 244ä¸‡äºº,https://www.youtube.com/@magicdeep1511
magicalÂ² Official YouTube Channelãƒãƒ£ãƒ³ãƒãƒ«ç™»éŒ²è€…æ•° 7.05ä¸‡äºº,https://www.youtube.com/@magical2SMEJ
Marek Podlejskiãƒãƒ£ãƒ³ãƒãƒ«ç™»éŒ²è€…æ•° 28.8ä¸‡äºº,https://www.youtube.com/@MarekPodlejski
Mari Kashiwagiãƒãƒ£ãƒ³ãƒãƒ«ç™»éŒ²è€…æ•° 5160äºº,https://www.youtube.com/@mariyork
maru maru ã€NHKãƒ„ãƒƒã‚³ãƒŸç³»YouTuberã€‘ãƒãƒ£ãƒ³ãƒãƒ«ç™»éŒ²è€…æ•° 8540äºº,https://www.youtube.com/@marumarunhkyoutuber4792
Masa-T Channelãƒãƒ£ãƒ³ãƒãƒ«ç™»éŒ²è€…æ•° 954äºº,https://www.youtube.com/@masa-tchannel3062
mediafactoryãƒãƒ£ãƒ³ãƒãƒ«ç™»éŒ²è€…æ•° 13.8ä¸‡äºº,https://www.youtube.com/@mediafactory
melodysheepãƒãƒ£ãƒ³ãƒãƒ«ç™»éŒ²è€…æ•° 264ä¸‡äºº,https://www.youtube.com/@melodysheep
menon ã€ éµç›¤ãƒ™ãƒ¼ã‚·ã‚¹ãƒˆ ã€‘ãƒãƒ£ãƒ³ãƒãƒ«ç™»éŒ²è€…æ•° 1.34ä¸‡äºº,https://www.youtube.com/@menontomoushimasu
miracleÂ² from ãƒŸãƒ©ã‚¯ãƒ«ã¡ã‚…ãƒ¼ã‚“ãšï¼ Official YouTube Channelãƒãƒ£ãƒ³ãƒãƒ«ç™»éŒ²è€…æ•° 24.9ä¸‡äºº,https://www.youtube.com/@miraclemiracleSMEJ
Miyoko Angel 2ãƒãƒ£ãƒ³ãƒãƒ«ç™»éŒ²è€…æ•° 6.16ä¸‡äºº,https://www.youtube.com/@miyokoangel
MOTOYAMAãƒãƒ£ãƒ³ãƒãƒ«ç™»éŒ²è€…æ•° 7.66ä¸‡äºº,https://www.youtube.com/@motoyamaNews
MrVinylObsessiveãƒãƒ£ãƒ³ãƒãƒ«ç™»éŒ²è€…æ•° 17ä¸‡äºº,https://www.youtube.com/@MrVinylObsessive
Music in Meãƒãƒ£ãƒ³ãƒãƒ«ç™»éŒ²è€…æ•° 1.28ä¸‡äºº,https://www.youtube.com/@MusicinMe-pk3uo
Music Queãƒãƒ£ãƒ³ãƒãƒ«ç™»éŒ²è€…æ•° 14.5ä¸‡äºº,https://www.youtube.com/@musicque267
My Intuition2ãƒãƒ£ãƒ³ãƒãƒ«ç™»éŒ²è€…æ•° 3740äºº,https://www.youtube.com/@myintuition266
N-travelãƒãƒ£ãƒ³ãƒãƒ«ç™»éŒ²è€…æ•° 161äºº,https://www.youtube.com/@n-travel7435
nanairoå…¬å¼ãƒãƒ£ãƒ³ãƒãƒ«ãƒãƒ£ãƒ³ãƒãƒ«ç™»éŒ²è€…æ•° 11ä¸‡äºº,https://www.youtube.com/@nanairo_ch
National Geographicãƒãƒ£ãƒ³ãƒãƒ«ç™»éŒ²è€…æ•° 2180ä¸‡äºº,https://www.youtube.com/@NatGeo
Nigel John Stanfordãƒãƒ£ãƒ³ãƒãƒ«ç™»éŒ²è€…æ•° 62.9ä¸‡äºº,https://www.youtube.com/@NigelJohnStanford
Nikoru Nicoleãƒãƒ£ãƒ³ãƒãƒ«ç™»éŒ²è€…æ•° 2.22ä¸‡äºº,https://www.youtube.com/@NicoleNikoru
NTDTVJPãƒãƒ£ãƒ³ãƒãƒ«ç™»éŒ²è€…æ•° 23.2ä¸‡äºº,https://www.youtube.com/@NTDTVJP
Office TANAKAãƒãƒ£ãƒ³ãƒãƒ«ç™»éŒ²è€…æ•° 9.89ä¸‡äºº,https://www.youtube.com/@OfficeTANAKA
official sorakaraãƒãƒ£ãƒ³ãƒãƒ«ç™»éŒ²è€…æ•° 6.18ä¸‡äºº,https://www.youtube.com/@ufo777
Okãƒãƒ£ãƒ³ãƒãƒ«ã€ãŠã‘ãŸã«æ•´éª¨é™¢ã€‘ãƒãƒ£ãƒ³ãƒãƒ«ç™»éŒ²è€…æ•° 25.1ä¸‡äºº,https://www.youtube.com/@ok.channel
oldtsouçš„çœŸæ—…éŠâ€§å¿ƒç­†è¨˜ãƒãƒ£ãƒ³ãƒãƒ«ç™»éŒ²è€…æ•° 1.23ä¸‡äºº,https://www.youtube.com/@oldtsou
Omoshiroi Pet TVãƒãƒ£ãƒ³ãƒãƒ«ç™»éŒ²è€…æ•° 50ä¸‡äºº,https://www.youtube.com/@OmoshiroiPetTV
OneHopeJapanãƒãƒ£ãƒ³ãƒãƒ«ç™»éŒ²è€…æ•° 1.76ä¸‡äºº,https://www.youtube.com/@OneHopeJapan
OrientalDS ã‚ªãƒªã‚¨ãƒ³ã‚¿ãƒ«DSãƒãƒ£ãƒ³ãƒãƒ«ç™»éŒ²è€…æ•° 3.7ä¸‡äºº,https://www.youtube.com/@orientalds
PC-FREEDOMï¼ ãªã‚“ã¡ã‚ƒã£ã¦ã‚¨ãƒ³ã‚¸ãƒ‹ã‚¢ãƒªãƒ³ã‚°ãƒãƒ£ãƒ³ãƒãƒ«ç™»éŒ²è€…æ•° 3.22ä¸‡äºº,https://www.youtube.com/@PC-FREEDOM
Peaceful Musicãƒãƒ£ãƒ³ãƒãƒ«ç™»éŒ²è€…æ•° 3.69ä¸‡äºº,https://www.youtube.com/@peacefulmusic5291
PECOãƒãƒ£ãƒ³ãƒãƒ«ã•ã‚“ã€ç™’ã‚„ã—ã®ãƒšãƒƒãƒˆå‹•ç”»ã€‘ãƒãƒ£ãƒ³ãƒãƒ«ç™»éŒ²è€…æ•° 83.8ä¸‡äºº,https://www.youtube.com/@PECO_official
PeriscopeFilmãƒãƒ£ãƒ³ãƒãƒ«ç™»éŒ²è€…æ•° 64.8ä¸‡äºº,https://www.youtube.com/@PeriscopeFilm
Pettyãƒãƒ£ãƒ³ãƒãƒ«ç™»éŒ²è€…æ•° 34.7ä¸‡äºº,https://www.youtube.com/@petty4398
ponycanyonãƒãƒ£ãƒ³ãƒãƒ«ç™»éŒ²è€…æ•° 67ä¸‡äºº,https://www.youtube.com/@ponycanyon
Pythonã‚¢ã‚«ãƒ‡ãƒŸãƒ¼ã€ã‚¨ãƒ³ã‚¸ãƒ‹ã‚¢Vtuberå‡›ã€‘ãƒãƒ£ãƒ³ãƒãƒ«ç™»éŒ²è€…æ•° 1.2ä¸‡äºº,https://www.youtube.com/@pythonvtuber7719
Pythonãƒ—ãƒ­ã‚°ãƒ©ãƒŸãƒ³ã‚° VTuber ã‚µãƒ—ãƒ¼ãƒãƒ£ãƒ³ãƒãƒ«ç™»éŒ²è€…æ•° 5.72ä¸‡äºº,https://www.youtube.com/@pythonvtuber9917
Pythonè§£èª¬å‹•ç”»_ã‚‚ãªã‹ãƒãƒ£ãƒ³ãƒãƒ«ç™»éŒ²è€…æ•° 2410äºº,https://www.youtube.com/@monaka_Python
recordsjpãƒãƒ£ãƒ³ãƒãƒ«ç™»éŒ²è€…æ•° 4.64ä¸‡äºº,https://www.youtube.com/@recordsjp
RED STONEãƒãƒ£ãƒ³ãƒãƒ«ç™»éŒ²è€…æ•° 25.6ä¸‡äºº,https://www.youtube.com/@REDSTONETV
rootrip ã‚¤ã‚±ãƒã‚¦ã‚¨ãƒæ—…chãƒãƒ£ãƒ³ãƒãƒ«ç™»éŒ²è€…æ•° 3.66ä¸‡äºº,https://www.youtube.com/@rootrip
Royå’ŒSueç¯çƒæ—…å±…ãƒãƒ£ãƒ³ãƒãƒ«ç™»éŒ²è€…æ•° 1.57ä¸‡äºº,https://www.youtube.com/@roysue3174
sagawa of libertyãƒãƒ£ãƒ³ãƒãƒ«ç™»éŒ²è€…æ•° 7990äºº,https://www.youtube.com/@sagawaofliberty2580
sagawa3ãƒãƒ£ãƒ³ãƒãƒ«ç™»éŒ²è€…æ•° 762äºº,https://www.youtube.com/@sagawa3338
SAGAWAãƒãƒ£ãƒ³ãƒãƒ«ç™»éŒ²è€…æ•° 7.72ä¸‡äºº,https://www.youtube.com/@sagawa9724
SAMURAI ENGINEER [ä¾ã‚¨ãƒ³ã‚¸ãƒ‹ã‚¢]ãƒãƒ£ãƒ³ãƒãƒ«ç™»éŒ²è€…æ•° 3.75ä¸‡äºº,https://www.youtube.com/@samuraiengineer
Scenic Relaxationãƒãƒ£ãƒ³ãƒãƒ«ç™»éŒ²è€…æ•° 99.7ä¸‡äºº,https://www.youtube.com/@ScenicRelaxationFilms
SCIENCE CHANNEL[JST]ãƒãƒ£ãƒ³ãƒãƒ«ç™»éŒ²è€…æ•° 59.1ä¸‡äºº,https://www.youtube.com/@jstsciencechannel
Screen Bitesãƒãƒ£ãƒ³ãƒãƒ«ç™»éŒ²è€…æ•° 164ä¸‡äºº,https://www.youtube.com/@ScreenBites
shiruãƒãƒ£ãƒ³ãƒãƒ«ç™»éŒ²è€…æ•° 9.08ä¸‡äºº,https://www.youtube.com/@shiruluv
Simon & Garfunkelãƒãƒ£ãƒ³ãƒãƒ«ç™»éŒ²è€…æ•° 80.6ä¸‡äºº,https://www.youtube.com/@SimonAndGarfunkel
SN Studio Mixãƒãƒ£ãƒ³ãƒãƒ«ç™»éŒ²è€…æ•° 10.2ä¸‡äºº,https://www.youtube.com/@snstudiomix
Sony Music [Japan]ãƒãƒ£ãƒ³ãƒãƒ«ç™»éŒ²è€…æ•° 238ä¸‡äºº,https://www.youtube.com/@sonymusicjapan
Summer Hailstones å¤å†°é›¹ãƒãƒ£ãƒ³ãƒãƒ«ç™»éŒ²è€…æ•° 5980äºº,https://www.youtube.com/@SummerHailstones
SV NoSoRoGãƒãƒ£ãƒ³ãƒãƒ«ç™»éŒ²è€…æ•° 5.43ä¸‡äºº,https://www.youtube.com/@SVNoSoRoG
Sweety_Xiinãƒãƒ£ãƒ³ãƒãƒ«ç™»éŒ²è€…æ•° 14.8ä¸‡äºº,https://www.youtube.com/@xin9734
TeachingBeautyé¼ç¸ãƒãƒƒã‚µãƒ¼ã‚¸æ•´éª¨é™¢ãƒ»æ•´ä½“é™¢ãƒãƒ£ãƒ³ãƒãƒ«ç™»éŒ²è€…æ•° 6.21ä¸‡äºº,https://www.youtube.com/@teachingbeauty
The Beatlesãƒãƒ£ãƒ³ãƒãƒ«ç™»éŒ²è€…æ•° 743ä¸‡äºº,https://www.youtube.com/@TheBeatles
The Indian Wanderersãƒãƒ£ãƒ³ãƒãƒ«ç™»éŒ²è€…æ•° 274äºº,https://www.youtube.com/@theindianwanderers
THEREALPAXãƒãƒ£ãƒ³ãƒãƒ«ç™»éŒ²è€…æ•° 70.1ä¸‡äºº,https://www.youtube.com/@TheRealPAX
Tim Janisãƒãƒ£ãƒ³ãƒãƒ«ç™»éŒ²è€…æ•° 146ä¸‡äºº,https://www.youtube.com/@timjanis
Tonyãƒãƒ£ãƒ³ãƒãƒ«ç™»éŒ²è€…æ•° 6.01ä¸‡äºº,https://www.youtube.com/@TonyCN
TourbillonCafeãƒãƒ£ãƒ³ãƒãƒ«ç™»éŒ²è€…æ•° 11.5ä¸‡äºº,https://www.youtube.com/@TourbillonCafe
Tourist Channelãƒãƒ£ãƒ³ãƒãƒ«ç™»éŒ²è€…æ•° 28.7ä¸‡äºº,https://www.youtube.com/@TouristChannell
touropiaãƒãƒ£ãƒ³ãƒãƒ«ç™»éŒ²è€…æ•° 122ä¸‡äºº,https://www.youtube.com/@touropia
TOYSFACTORYJPãƒãƒ£ãƒ³ãƒãƒ«ç™»éŒ²è€…æ•° 54.7ä¸‡äºº,https://www.youtube.com/@TOYSFACTORYJP
Trip on Tubeãƒãƒ£ãƒ³ãƒãƒ«ç™»éŒ²è€…æ•° 4860äºº,https://www.youtube.com/@tripontube365
TWICE JAPAN OFFICIAL YouTube Channelãƒãƒ£ãƒ³ãƒãƒ«ç™»éŒ²è€…æ•° 494ä¸‡äºº,https://www.youtube.com/@twicejapan_official
udntvTalkChinaãƒãƒ£ãƒ³ãƒãƒ«ç™»éŒ²è€…æ•° 3.17ä¸‡äºº,https://www.youtube.com/@udntvTalkChina
VAIENCE ãƒã‚¤ã‚¨ãƒ³ã‚¹ãƒãƒ£ãƒ³ãƒãƒ«ç™»éŒ²è€…æ•° 180ä¸‡äºº,https://www.youtube.com/@VAIENCE
Victor Entertainmentãƒãƒ£ãƒ³ãƒãƒ«ç™»éŒ²è€…æ•° 93.1ä¸‡äºº,https://www.youtube.com/@VictorMusicChannel
Vision Timesãƒãƒ£ãƒ³ãƒãƒ«ç™»éŒ²è€…æ•° 2880äºº,https://www.youtube.com/@visionchannel3444
VLENDING ë¸”ë Œë”©ãƒãƒ£ãƒ³ãƒãƒ«ç™»éŒ²è€…æ•° 57.8ä¸‡äºº,https://www.youtube.com/@vlending
Walk Eastãƒãƒ£ãƒ³ãƒãƒ«ç™»éŒ²è€…æ•° 19.2ä¸‡äºº,https://www.youtube.com/@WalkEast
Webã®ç¥æ§˜ãƒãƒ£ãƒ³ãƒãƒ«ç™»éŒ²è€…æ•° 3.71ä¸‡äºº,https://www.youtube.com/@webgodweb
wie man kochtãƒãƒ£ãƒ³ãƒãƒ«ç™»éŒ²è€…æ•° 207ä¸‡äºº,https://www.youtube.com/@wiemankocht
WN SPACE LIVEãƒãƒ£ãƒ³ãƒãƒ«ç™»éŒ²è€…æ•° 3.79ä¸‡äºº,https://www.youtube.com/@WNSPACELIVE
WORLD SCAN PROJECTãƒãƒ£ãƒ³ãƒãƒ«ç™»éŒ²è€…æ•° 3650äºº,https://www.youtube.com/@worldscanproject5684
Wow Animalsãƒãƒ£ãƒ³ãƒãƒ«ç™»éŒ²è€…æ•° 231ä¸‡äºº,https://www.youtube.com/@wowanimals
yanaginagi officialãƒãƒ£ãƒ³ãƒãƒ«ç™»éŒ²è€…æ•° 11.1ä¸‡äºº,https://www.youtube.com/@yanaginagiofficial6081
Yellow Magic Orchestra Chick Normanãƒãƒ£ãƒ³ãƒãƒ«ç™»éŒ²è€…æ•° 1.59ä¸‡äºº,https://www.youtube.com/@yellowmagicorchestrachickn4090
yesofficialãƒãƒ£ãƒ³ãƒãƒ«ç™»éŒ²è€…æ•° 33.9ä¸‡äºº,https://www.youtube.com/@yesofficial
zizoo zimusicãƒãƒ£ãƒ³ãƒãƒ«ç™»éŒ²è€…æ•° 1880äºº,https://www.youtube.com/@zizoozimusic6025
Zoebitalkè‚‰æ¯”é ­ãƒãƒ£ãƒ³ãƒãƒ«ç™»éŒ²è€…æ•° 41.9ä¸‡äºº,https://www.youtube.com/@Zoebitalk
ã‚ã‚ã„ãˆã°ã€‡ã€‡ãƒãƒ£ãƒ³ãƒãƒ«ç™»éŒ²è€…æ•° 4.26ä¸‡äºº,https://www.youtube.com/@aaieba-maru-maru
ã‚¢ã‚¤ã‚«ãƒ„ãƒ—ãƒ©ãƒãƒƒãƒˆï¼ã‚¹ãƒ†ãƒ¼ã‚·ãƒ§ãƒ³ãƒãƒ£ãƒ³ãƒãƒ«ç™»éŒ²è€…æ•° 19.5ä¸‡äºº,https://www.youtube.com/@aikatsu
ã‚ãŠã¿ãˆã‚Šã€æœªæ¥å ã„NEWSã€‘ãƒãƒ£ãƒ³ãƒãƒ«ç™»éŒ²è€…æ•° 6.11ä¸‡äºº,https://www.youtube.com/@eriaomi
ã‚ãŠã¿ãˆã‚Š3rdãƒãƒ£ãƒ³ãƒãƒ«ç™»éŒ²è€…æ•° 4060äºº,https://www.youtube.com/@rd-kw3dc
ã‚ãŠã¿ãˆã‚Šæœªæ¥å ã„NEWSãƒãƒ£ãƒ³ãƒãƒ«ç™»éŒ²è€…æ•° 2.91ä¸‡äºº,https://www.youtube.com/@aomieri
ã‚¢ã‚«ãƒ„ã‚­ã®ãƒ¯ãƒ¼ãƒ«ãƒ‰ã‚¯ã‚¨ã‚¹ãƒˆãƒãƒ£ãƒ³ãƒãƒ«ç™»éŒ²è€…æ•° 7170äºº,https://www.youtube.com/@user-bi9br3pn7e
ã‚¢ã‚«ãƒ„ã‚­ã®å ±é“ã‚¯ã‚¨ã‚¹ãƒˆãƒãƒ£ãƒ³ãƒãƒ«ç™»éŒ²è€…æ•° 10ä¸‡äºº,https://www.youtube.com/@akatsuki-quest
ã‚¢ã‚­ãƒ©ãƒœãƒ¼ã‚¤ã‚ºã‚¹ãƒˆãƒ¼ãƒªãƒ¼ ã€œä¸–ç•Œã®çœŸå®Ÿã¨çœŸç†ã€œãƒãƒ£ãƒ³ãƒãƒ«ç™»éŒ²è€…æ•° 7.6ä¸‡äºº,https://www.youtube.com/@akiraboystory
ã‚¢ãƒƒãã‚“ã®å¥³å„ªå›³é‘‘ãƒãƒ£ãƒ³ãƒãƒ«ç™»éŒ²è€…æ•° 1470äºº,https://www.youtube.com/@user-ye2zg5wg4g
ã‚¢ãƒ‹ãƒ‘ãƒãƒãƒ£ãƒ³ãƒãƒ«ç™»éŒ²è€…æ•° 2770äºº,https://www.youtube.com/@user-vq2gk4fi1p
ã‚¢ãƒ‹ãƒãƒ«ãƒ—ãƒ©ãƒãƒƒãƒˆãƒãƒ£ãƒ³ãƒãƒ«ç™»éŒ²è€…æ•° 16.4ä¸‡äºº,https://www.youtube.com/@animalplanetjapan
ã‚ã¹ã®ã¾ãã€œã¡ã‚“ãƒãƒ£ãƒ³ãƒãƒ«ç™»éŒ²è€…æ•° 9580äºº,https://www.youtube.com/@MachinAbeno
ã‚¢ãƒãƒãƒ¥ã‚¢ã‚°ãƒ«ãƒ¼ãƒ´ãƒãƒ£ãƒ³ãƒãƒ«ç™»éŒ²è€…æ•° 1.61ä¸‡äºº,https://www.youtube.com/@amateur-groove
ã‚¢ãƒ¡ãƒ¼ã‚¸ãƒ³ã‚°JAPANãƒãƒ£ãƒ³ãƒãƒ«ç™»éŒ²è€…æ•° 13.8ä¸‡äºº,https://www.youtube.com/@amazing_japan
ã„ã¨ã‚’ã‹ã—æ—¥æœ¬ã®æ­´å²ã€ã‚†ã£ãã‚Šè§£èª¬ã€‘ãƒãƒ£ãƒ³ãƒãƒ«ç™»éŒ²è€…æ•° 8.82ä¸‡äºº,https://www.youtube.com/@user-dn2vf2ue2n
ã„ã¾ã«ã‚…ã®ãƒ—ãƒ­ã‚°ãƒ©ãƒŸãƒ³ã‚°å¡¾ãƒãƒ£ãƒ³ãƒãƒ«ç™»éŒ²è€…æ•° 13.9ä¸‡äºº,https://www.youtube.com/@imanyu_programming
ã‚¤ãƒ¤ãƒ›ãƒ³ã‚ºå…¬å¼ãƒãƒ£ãƒ³ãƒãƒ«Earphones official channelãƒãƒ£ãƒ³ãƒãƒ«ç™»éŒ²è€…æ•° 2.67ä¸‡äºº,https://www.youtube.com/@earphonesofficialchannel4205
ã„ã‚ã¯chãƒãƒ£ãƒ³ãƒãƒ«ç™»éŒ²è€…æ•° 3.03ä¸‡äºº,https://www.youtube.com/@ch-xk5pc
ã‚¦ã‚§ã‚¶ãƒ¼ãƒ‹ãƒ¥ãƒ¼ã‚¹ãƒãƒ£ãƒ³ãƒãƒ«ç™»éŒ²è€…æ•° 103ä¸‡äºº,https://www.youtube.com/@weathernews
ã‚¦ãƒ©ã‚±ãƒ³ä¸å‹•ç”£ã€æµ¦ç”°å¥å…¬å¼ã€‘ãƒãƒ£ãƒ³ãƒãƒ«ç™»éŒ²è€…æ•° 17.4ä¸‡äºº,https://www.youtube.com/@urakenfudosan
ã†ã‚ã•ã®æ¢åµãŸã¡ã€å™‚è©±ãƒ»é›‘å­¦ãƒ»éƒ½å¸‚ä¼èª¬ã€‘ãƒãƒ£ãƒ³ãƒãƒ«ç™»éŒ²è€…æ•° 33.8ä¸‡äºº,https://www.youtube.com/@uwasanotantei
ã‚¨ã‚¯ã‚¹ãƒšãƒ‡ã‚£ã‚¢[Expedia]ãƒãƒ£ãƒ³ãƒãƒ«ç™»éŒ²è€…æ•° 1.67ä¸‡äºº,https://www.youtube.com/@ExpediaJapan
ãˆã‚‹ãŸã¾ã¡ã‚ƒã‚“ãƒãƒ£ãƒ³ãƒãƒ«ç™»éŒ²è€…æ•° 345äºº,https://www.youtube.com/@erutamachan
ã‚¨ãƒ­ç”·çˆµã®AVå¥³å„ªchãƒãƒ£ãƒ³ãƒãƒ«ç™»éŒ²è€…æ•° 2920äºº,https://www.youtube.com/@avch6170
ã‚ªã‚«ãƒ«ãƒˆãƒ©ãƒœãƒ»åˆ†å®¤ãƒãƒ£ãƒ³ãƒãƒ«ç™»éŒ²è€…æ•° 916äºº,https://www.youtube.com/@user-wn7ij7fz4b
ãŠã˜ãŠã˜ ã‚¸ãƒ£ãƒ‘ãƒ³ãƒãƒ£ãƒ³ãƒãƒ«ç™»éŒ²è€…æ•° 28ä¸‡äºº,https://www.youtube.com/@ozozjapan
ã‚ªã‚¿ã‚¯ä¼šè¨ˆå£«chã€å±±ç”°çœŸå“‰ã€‘å°‘ã—ã ã‘ãŠé‡‘ã§å¾—ã™ã‚‹ãƒãƒ£ãƒ³ãƒãƒ«ç™»éŒ²è€…æ•° 67ä¸‡äºº,https://www.youtube.com/@otakuCPA
ãŠã¨ãªã®æ™‚é–“ã€å¥³å„ªç´¹ä»‹ã€‘ãƒãƒ£ãƒ³ãƒãƒ«ç™»éŒ²è€…æ•° 2.39ä¸‡äºº,https://www.youtube.com/@user-zj1sw4yu5c
ãŠã¯ã‚¹ã‚¿ãƒãƒ£ãƒ³ãƒãƒ«ãƒãƒ£ãƒ³ãƒãƒ«ç™»éŒ²è€…æ•° 7.04ä¸‡äºº,https://www.youtube.com/@user-vm9oy6sx6f
ãŠã¿ãã¡ã‚ƒã‚“ã­ã‚‹ã€ä¸–ç•Œã©ã‚“æ·±é—‡ãƒ‹ãƒ¥ãƒ¼ã‚¹ã€‘ãƒãƒ£ãƒ³ãƒãƒ«ç™»éŒ²è€…æ•° 14.1ä¸‡äºº,https://www.youtube.com/@omisochannnel
ãŠã¿ãã‚“ã®ã‹ã‚ã„ã¡ã‚‡LIVEãƒãƒ£ãƒ³ãƒãƒ«ç™»éŒ²è€…æ•° 3.45ä¸‡äºº,https://www.youtube.com/@LIVE-jh8ov
ãŠã‚‚ã—ã‚åœ°ç†ãƒãƒ£ãƒ³ãƒãƒ«ç™»éŒ²è€…æ•° 10.3ä¸‡äºº,https://www.youtube.com/@omoshirochiri
ãŠã‚„ã™ã¿å‰ã®æœ—èª­ ãˆã‚€ã¡ã‚ƒã‚“ã­ã‚‹ãƒãƒ£ãƒ³ãƒãƒ«ç™»éŒ²è€…æ•° 8890äºº,https://www.youtube.com/@mchan.rodoku
ã‹ãŠã‚Šã‚“357Qãƒãƒ£ãƒ³ãƒãƒ«ç™»éŒ²è€…æ•° 7230äºº,https://www.youtube.com/@kaorin
ã‚«ãƒŠãƒ€äººãƒ‹ãƒ¥ãƒ¼ã‚¹ãƒãƒ£ãƒ³ãƒãƒ«ç™»éŒ²è€…æ•° 15.8ä¸‡äºº,https://www.youtube.com/@canadiannews_yt
ã‚«ãƒ©ãƒ•ãƒ«å ‚ãƒãƒ£ãƒ³ãƒãƒ«ç™»éŒ²è€…æ•° 5980äºº,https://www.youtube.com/@user-kc1ys1ez5t
ã‚¬ãƒªãƒ¬ã‚ª Chãƒãƒ£ãƒ³ãƒãƒ«ç™»éŒ²è€…æ•° 14.7ä¸‡äºº,https://www.youtube.com/@Ch-dp9or
ã‚«ãƒ«ãƒãƒ£ãƒ¼ãƒŠã‚¤ãƒˆå…¬å¼ãƒãƒ£ãƒ³ãƒãƒ«ãƒãƒ£ãƒ³ãƒãƒ«ç™»éŒ²è€…æ•° 3880äºº,https://www.youtube.com/@CultureNightChannel
ã‚«ãƒ²ãƒ‡ã‚£[Kawodii] | ã‚ªãƒ‡ãƒ¥ãƒƒã‚»ã‚¤ã‚¢ã®ä¸–ç•Œãƒãƒ£ãƒ³ãƒãƒ«ç™»éŒ²è€…æ•° 3.12ä¸‡äºº,https://www.youtube.com/@kawodii
ã‚­ãƒã‚³ãƒ¼ãƒ‰ / ãƒ—ãƒ­ã‚°ãƒ©ãƒŸãƒ³ã‚°å­¦ç¿’ãƒãƒ£ãƒ³ãƒãƒ«ãƒãƒ£ãƒ³ãƒãƒ«ç™»éŒ²è€…æ•° 16.8ä¸‡äºº,https://www.youtube.com/@kinocode
ã‚­ãƒŸã«æ±ºã‚ãŸãƒãƒ£ãƒ³ãƒãƒ«ç™»éŒ²è€…æ•° 1720äºº,https://www.youtube.com/@ranking260
ã‚¯ã‚¤ãƒƒã‚¯ã‚·ãƒ³ãƒ—ãƒ«ï¼†ãŠã„ã—ã„ãƒãƒ£ãƒ³ãƒãƒ«ç™»éŒ²è€…æ•° 179ä¸‡äºº,https://www.youtube.com/@quicksimpledelicious1
ã‚¯ãƒ©ã‚¦ãƒ‰ãƒ‡ãƒ™ãƒ­ãƒƒãƒ‘ãƒ¼ã¡ã‚ƒã‚“ã­ã‚‹ãƒãƒ£ãƒ³ãƒãƒ«ç™»éŒ²è€…æ•° 1.67ä¸‡äºº,https://www.youtube.com/@user-nm2ty6kr5j
ã‚°ãƒ¬ãƒ¼ãƒˆJAPANã¡ã‚ƒã‚“ã­ã‚‹ãƒãƒ£ãƒ³ãƒãƒ«ç™»éŒ²è€…æ•° 23.2ä¸‡äºº,https://www.youtube.com/@greatjapan
ã‚³ã‚¢ãƒ»ãƒ¯ãƒ¼ãƒ«ãƒ‰ãƒãƒ£ãƒ³ãƒãƒ«ç™»éŒ²è€…æ•° 1.29ä¸‡äºº,https://www.youtube.com/@user-xw7sc3bt1d
ã“ã“ã‚ã®ä¸–ç•Œã®æ°—ã«ãªã‚‹ãƒ‹ãƒ¥ãƒ¼ã‚¹ãƒãƒ£ãƒ³ãƒãƒ«ç™»éŒ²è€…æ•° 15.6ä¸‡äºº,https://www.youtube.com/@kokoro3000
ã‚³ã‚¸ã‚³ã‚¸ã®ã‚ªã‚¿ã‚¯æ–‡åŒ– æƒ…å ±å±€ãƒãƒ£ãƒ³ãƒãƒ«ç™»éŒ²è€…æ•° 28.9ä¸‡äºº,https://www.youtube.com/@kojikojibroadcast
ã‚³ãƒ¤ãƒƒã‚­ãƒ¼ã‚¹ã‚¿ã‚¸ã‚ªãƒãƒ£ãƒ³ãƒãƒ«ç™»éŒ²è€…æ•° 105ä¸‡äºº,https://www.youtube.com/@koyakky-st
ã“ã‚Œã¯ã©ã†ã§ã—ã‚‡ã†ãƒãƒ£ãƒ³ãƒãƒ«ç™»éŒ²è€…æ•° 1.15ä¸‡äºº,https://www.youtube.com/@user-wj8xy3zu3b
ã‚¶ï½¥ä»°å¤©! æ™‚äº‹ãƒ‹ãƒ¥ãƒ¼ã‚¹chã€ã‚†ã£ãã‚Šè§£èª¬ã€‘ãƒãƒ£ãƒ³ãƒãƒ«ç™»éŒ²è€…æ•° 334äºº,https://www.youtube.com/@yukkuri_jijinews
ã‚µã‚¤ã‚¨ãƒ³ã‚¹ãƒ‰ãƒªãƒ¼ãƒ  ã€Science Dreamã€‘ãƒãƒ£ãƒ³ãƒãƒ«ç™»éŒ²è€…æ•° 31.5ä¸‡äºº,https://www.youtube.com/@sciencedream_jp
ã•ãã‚‰ã®å¤©è¡£ç„¡ç¸«ã®èª¿ãƒãƒ£ãƒ³ãƒãƒ«ç™»éŒ²è€…æ•° 1560äºº,https://www.youtube.com/@user-be6xm4rd9k
ã‚µãƒãƒ©ãƒ³TVãƒãƒ£ãƒ³ãƒãƒ«ç™»éŒ²è€…æ•° 7.27ä¸‡äºº,https://www.youtube.com/@samarantv
ã•ã‚†ã‚Šã®ãƒãƒ—ãƒ‹ãƒ³ã‚°ãƒãƒ£ãƒ³ãƒãƒ«ç™»éŒ²è€…æ•° 5.5ä¸‡äºº,https://www.youtube.com/@sayuri_happening
ã‚µãƒ³ãƒ©ã‚¤ã‚ºãƒŸãƒ‹ã‚¹ãƒˆãƒªãƒ¼Sunrise Ministryãƒãƒ£ãƒ³ãƒãƒ«ç™»éŒ²è€…æ•° 1.73ä¸‡äºº,https://www.youtube.com/@SunriseMinistry
ã‚·ãƒ¼ã‚µã‚¤ãƒ‰ãƒãƒ£ãƒ³ãƒãƒ«ãƒãƒ£ãƒ³ãƒãƒ«ç™»éŒ²è€…æ•° 9860äºº,https://www.youtube.com/@SeasideChannel
ã‚·ã‚§ãƒ¼ãƒ«ã®ãƒãƒ³ã‚¬ãƒªãƒ¼ãƒ©ã‚¤ãƒ•ãƒãƒ£ãƒ³ãƒãƒ«ç™»éŒ²è€…æ•° 1430äºº,https://www.youtube.com/@cherhungarylife
ã‚·ã‚³ã‚·ã‚³TVã€å¥³å„ªç´¹ä»‹ã€‘ãƒãƒ£ãƒ³ãƒãƒ«ç™»éŒ²è€…æ•° 1880äºº,https://www.youtube.com/@shiko-shiko
ã—ã‚‚ã‚€ã‚‰ã¨ã‚‚ããƒãƒ£ãƒ³ãƒãƒ«ç™»éŒ²è€…æ•° 2270äºº,https://www.youtube.com/@user-sl9tz6pz2r
ã—ã‚ƒã³ãƒ¼ã¡ã‚ƒã‚“ã­ã‚‹ã€ã‚†ã£ãã‚Šä¸æ€è­°ã®çœŸç›¸ã€‘ãƒãƒ£ãƒ³ãƒãƒ«ç™»éŒ²è€…æ•° 6760äºº,https://www.youtube.com/@shabbychannel
ã‚¸ãƒ£ãƒ³ã‚¯ã‚¸ãƒ£ãƒ³ã‚¯ã®ã‚¸ãƒ£ãƒ³å¤ªéƒãƒãƒ£ãƒ³ãƒãƒ«ç™»éŒ²è€…æ•° 2.55ä¸‡äºº,https://www.youtube.com/@jantajunk
ã‚¹ãƒ¼ãƒ„ æ—…è¡Œ / Suit Travelãƒãƒ£ãƒ³ãƒãƒ«ç™»éŒ²è€…æ•° 73.1ä¸‡äºº,https://www.youtube.com/@SuitTravel
ã‚¹ãƒ¼ãƒ‘ãƒ¼ã‚«ã‚»ãƒƒã‚¿ãƒ¼ã‚º / SuperCassetters'ãƒãƒ£ãƒ³ãƒãƒ«ç™»éŒ²è€…æ•° 1.19ä¸‡äºº,https://www.youtube.com/@supercassetters
ã™ãƒ¼ã±ãƒ¼ãã«å­ã¡ã‚ƒã‚“ã­ã‚‹ãƒãƒ£ãƒ³ãƒãƒ«ç™»éŒ²è€…æ•° 5.72ä¸‡äºº,https://www.youtube.com/@user-uw2zo2cl6s
ã‚¹ã‚«ã‚¤ä¸‰å¹³ãƒãƒ£ãƒ³ãƒãƒ«ç™»éŒ²è€…æ•° 9.04ä¸‡äºº,https://www.youtube.com/@blackhitec
ã‚¹ã‚­ãƒã«ã‚¤ã‚¹ãƒˆãƒªãƒ¤ãƒãƒ£ãƒ³ãƒãƒ«ç™»éŒ²è€…æ•° 5.85ä¸‡äºº,https://www.youtube.com/@sukimanidaria
ã™ãšã½ã‚“ã®å‹æ‰‹ã«è¨€ã„ãŸã„æ”¾é¡Œ2ndãƒãƒ£ãƒ³ãƒãƒ«ç™»éŒ²è€…æ•° 6.93ä¸‡äºº,https://www.youtube.com/@suzupon2
ã™ãšã½ã‚“ã®å‹æ‰‹ã«è¨€ã„ãŸã„æ”¾é¡Œãƒãƒ£ãƒ³ãƒãƒ«ç™»éŒ²è€…æ•° 11.6ä¸‡äºº,https://www.youtube.com/@suzupon1
ã™ãšã½ã‚“ã®ç‹¬ã‚Šè¨€ãƒãƒ£ãƒ³ãƒãƒ«ç™»éŒ²è€…æ•° 3.05ä¸‡äºº,https://www.youtube.com/@hitorigoto1
ã™ãšã½ã‚“ç§˜å¯†ã®éƒ¨å±‹ãƒãƒ£ãƒ³ãƒãƒ«ç™»éŒ²è€…æ•° 1.29ä¸‡äºº,https://www.youtube.com/@user-vs5vz4uh3l
ã‚¹ãƒã‚µãƒãƒãƒ£ãƒ³ãƒãƒ«ãƒãƒ£ãƒ³ãƒãƒ«ç™»éŒ²è€…æ•° 47.7ä¸‡äºº,https://www.youtube.com/@sumasapo
ã›ã„ãœã„ãŒã‚“ã°ã‚Œï¼é­”æ³•å°‘å¥³ãã‚‹ã¿ãƒãƒ£ãƒ³ãƒãƒ«ç™»éŒ²è€…æ•° 3.65ä¸‡äºº,https://www.youtube.com/@user-rk1ur3uw8j
ã‚»ã‚«ãƒ“ã‚¿ ç™ºè¦‹ä¼ãƒãƒ£ãƒ³ãƒãƒ«ç™»éŒ²è€…æ•° 20.4ä¸‡äºº,https://www.youtube.com/@skbt
ã‚»ã‚¯ã‚·ãƒ¼æƒ…å ±é¤¨ãƒãƒ£ãƒ³ãƒãƒ«ç™»éŒ²è€…æ•° 1.3ä¸‡äºº,https://www.youtube.com/@s-information
ã›ã£ã¡ã‚“ãƒŸãƒ¥ãƒ¼ã‚¸ãƒƒã‚¯ãƒãƒ£ãƒ³ãƒãƒ«ç™»éŒ²è€…æ•° 4340äºº,https://www.youtube.com/@setchin-music
ã‚»ãƒ‰ãƒŠé›‘å­¦ã®éƒ¨å±‹ãƒãƒ£ãƒ³ãƒãƒ«ç™»éŒ²è€…æ•° 1.6ä¸‡äºº,https://www.youtube.com/@user-uh5ze9ly8l
ã‚»ãƒ«ãƒ•ã‚±ã‚¢æ•™å®¤ nobuå…ˆç”Ÿ /æ ¼é—˜å®¶æ•´ä½“å¸«ãƒãƒ£ãƒ³ãƒãƒ«ç™»éŒ²è€…æ•° 129ä¸‡äºº,https://www.youtube.com/@selfcare-nobu
ããããå®¶æ—å›£RUNãƒãƒ£ãƒ³ãƒãƒ«ãƒãƒ£ãƒ³ãƒãƒ«ç™»éŒ²è€…æ•° 15ä¸‡äºº,https://www.youtube.com/@RUN-cy3rp
ãã®æ™‚æ­´å²ãŒçŸ¥ã‚ŠãŸã„ã€ã‚†ã£ãã‚Šè§£èª¬ã€‘ãƒãƒ£ãƒ³ãƒãƒ«ç™»éŒ²è€…æ•° 2470äºº,https://www.youtube.com/@user-lq5td9jo7m
ãƒ€ãƒ¼ã‚¯ã‚¦ã‚¨ãƒãƒ³ã‚ºã€ã‚†ã£ãã‚Šè§£èª¬ã€‘ãƒãƒ£ãƒ³ãƒãƒ«ç™»éŒ²è€…æ•° 16.8ä¸‡äºº,https://www.youtube.com/@user-mn2mk2qu4e
ãƒ€ãƒ¼ã‚¯ã‚¹ã‚³ã€ã‚†ã£ãã‚Šè§£èª¬ã€‘ãƒãƒ£ãƒ³ãƒãƒ«ç™»éŒ²è€…æ•° 5.92ä¸‡äºº,https://www.youtube.com/@darksuko
ãƒ€ãƒ¼ã‚¯ãƒˆãƒªãƒ“ã‚¢ã®æ³‰ã€ã‚†ã£ãã‚Šè§£èª¬ã€‘ãƒãƒ£ãƒ³ãƒãƒ«ç™»éŒ²è€…æ•° 15.5ä¸‡äºº,https://www.youtube.com/@user-wg1ie3ns8p
ã‚¿ãƒ¼ãƒ­ã‚¦ãƒˆãƒ¼ã‚­ãƒ¼æµ·å¤–ãƒŸã‚¹ãƒ†ãƒªãƒ¼ãƒãƒ£ãƒ³ãƒãƒ«ç™»éŒ²è€…æ•° 3.15ä¸‡äºº,https://www.youtube.com/@taarootalkiee
ã‚¿ã‚«ãƒ©ãƒˆãƒŸãƒ¼ãƒãƒ£ãƒ³ãƒãƒ«ç™»éŒ²è€…æ•° 150ä¸‡äºº,https://www.youtube.com/@takaratomychannel
ãŸã‘ãƒãƒ£ãƒ³ãƒãƒ«ãƒãƒ£ãƒ³ãƒãƒ«ç™»éŒ²è€…æ•° 2830äºº,https://www.youtube.com/@user-kq5ye6hh4u
ãŸã«ãã¡ ã¾ã“ã¨ã®ã¨ã‚‚ã™ãŸãƒãƒ£ãƒ³ãƒãƒ«ãƒãƒ£ãƒ³ãƒãƒ«ç™»éŒ²è€…æ•° 4.78ä¸‡äºº,https://www.youtube.com/@tomosta
ã ã‚Œã§ã‚‚ã‚¨ãƒ³ã‚¸ãƒ‹ã‚¢ / å±±æµ¦æ¸…é€ãƒãƒ£ãƒ³ãƒãƒ«ç™»éŒ²è€…æ•° 10ä¸‡äºº,https://www.youtube.com/@KiyotoUniv
ãƒ€ãƒ³ãƒ¡ãƒ¢ã€å…¬å¼ã€‘ãƒãƒ£ãƒ³ãƒãƒ«ç™»éŒ²è€…æ•° 7.37ä¸‡äºº,https://www.youtube.com/@danmemo
ã¡ã‚ƒãŠãƒãƒ£ãƒ³ãƒãƒ«ã€å…¬å¼ã€‘CIAOãƒãƒ£ãƒ³ãƒãƒ«ç™»éŒ²è€…æ•° 24.2ä¸‡äºº,https://www.youtube.com/@ciao
ã¡ã‚ƒã‚“ä¸¸ãƒãƒ£ãƒ³ãƒãƒ«ç™»éŒ²è€…æ•° 12.6ä¸‡äºº,https://www.youtube.com/@chanmaruYouTube
ã¡ã‚‡ã£ã¨å¾—ã™ã‚‹ã‚†ã£ãã‚Šå­¦åœ’ãƒãƒ£ãƒ³ãƒãƒ«ç™»éŒ²è€…æ•° 14.7ä¸‡äºº,https://www.youtube.com/@yukkuri-gakuen
ã¤ãã¿ã€å®‡å®™ã¨åœ°çƒã®ãŠè©±ã€‘ãƒãƒ£ãƒ³ãƒãƒ«ç™»éŒ²è€…æ•° 1180äºº,https://www.youtube.com/@love-universe
ãƒ„ãƒœãƒ„ãƒœã€æ—…å‹•ç”»ã€‘ãƒãƒ£ãƒ³ãƒãƒ«ç™»éŒ²è€…æ•° 439äºº,https://www.youtube.com/@user-km9kb9kr3u
ã§ãƒãƒ¼ãƒãƒ£ãƒ³ãƒãƒ« ã€åœ¨æ—¥ãƒ•ãƒ©ãƒ³ã‚¹äººã€‘D-Channelãƒãƒ£ãƒ³ãƒãƒ«ç™»éŒ²è€…æ•° 1.96ä¸‡äºº,https://www.youtube.com/@D-Channel-jp
ãƒ‡ã‚£ã‚¹ã‚«ãƒãƒªãƒ¼ãƒãƒ£ãƒ³ãƒãƒ«ãƒãƒ£ãƒ³ãƒãƒ«ç™»éŒ²è€…æ•° 176ä¸‡äºº,https://www.youtube.com/@DiscoveryJapan
ãƒ‡ã‚¤ãƒªãƒ¼WiLLãƒãƒ£ãƒ³ãƒãƒ«ç™»éŒ²è€…æ•° 48.6ä¸‡äºº,https://www.youtube.com/@Daily_WiLL
ã¦ã¬ã‚­ãƒƒãƒãƒ³/Tenu Kitchenãƒãƒ£ãƒ³ãƒãƒ«ç™»éŒ²è€…æ•° 81.5ä¸‡äºº,https://www.youtube.com/@tenukitchen129
ã§ã¶ãŸã¬ãæ—¥èªŒãƒãƒ£ãƒ³ãƒãƒ«ç™»éŒ²è€…æ•° 1.1ä¸‡äºº,https://www.youtube.com/@user-xz7pt5qy1u
ãƒ†ãƒ¬æ±BIZãƒãƒ£ãƒ³ãƒãƒ«ç™»éŒ²è€…æ•° 180ä¸‡äºº,https://www.youtube.com/@tvtokyobiz
ãƒˆãƒƒãƒ—ãƒ©ãƒ³ã‚­ãƒ³ã‚° Scienceãƒãƒ£ãƒ³ãƒãƒ«ç™»éŒ²è€…æ•° 18.9ä¸‡äºº,https://www.youtube.com/@science8012
ãƒˆãƒƒãƒ—ãƒ©ãƒ³ã‚­ãƒ³ã‚°ãƒãƒ£ãƒ³ãƒãƒ«ç™»éŒ²è€…æ•° 84ä¸‡äºº,https://www.youtube.com/@user-oz3dd4io7g
ãƒˆãƒ¢ãƒ€ãƒTVãƒãƒ£ãƒ³ãƒãƒ«ç™»éŒ²è€…æ•° 11.6ä¸‡äºº,https://www.youtube.com/@TV-un6jr
ã¨ãƒ¢ãƒ¤ã‚·ãƒãƒ£ãƒ³ãƒãƒ«ç™»éŒ²è€…æ•° 20ä¸‡äºº,https://www.youtube.com/@tomoyashi
ãƒˆãƒ¬ãƒ³ãƒ‰ãƒ‹ãƒ¥ãƒ¼ã‚¹é€Ÿå ±ãƒãƒ£ãƒ³ãƒãƒ«ç™»éŒ²è€…æ•° 2.59ä¸‡äºº,https://www.youtube.com/@trend_news_soku
ãƒŠã‚·ãƒ§ãƒŠãƒ« ã‚¸ã‚ªã‚°ãƒ©ãƒ•ã‚£ãƒƒã‚¯ TVãƒãƒ£ãƒ³ãƒãƒ«ç™»éŒ²è€…æ•° 83.6ä¸‡äºº,https://www.youtube.com/@natgeotv_jp
ãƒŠã‚¹ãƒãƒ£ãƒ³ãƒãƒ« Nastia in Japanãƒãƒ£ãƒ³ãƒãƒ«ç™»éŒ²è€…æ•° 9.27ä¸‡äºº,https://www.youtube.com/@NasChannelBel
ãƒŠã‚¾ãƒˆã‚­ãƒ©ãƒœã€IQ & è¬è§£ããƒãƒ£ãƒ³ãƒãƒ«ã€‘ãƒãƒ£ãƒ³ãƒãƒ«ç™»éŒ²è€…æ•° 22.5ä¸‡äºº,https://www.youtube.com/@nazotokilab
ãªã‚“ã§ã‚‚ãƒ‹ãƒ¥ãƒ¼ã‚¹å¥³å­2ãƒãƒ£ãƒ³ãƒãƒ«ç™»éŒ²è€…æ•° 1.55ä¸‡äºº,https://www.youtube.com/@user-yk9ie1pk3x
ãªã‚“ã§ã‚‚ãƒ‹ãƒ¥ãƒ¼ã‚¹å¥³å­ãã®3ãƒãƒ£ãƒ³ãƒãƒ«ç™»éŒ²è€…æ•° 2500äºº,https://www.youtube.com/@user-qq7df4sq9r
ãªã‚“ã§ã‚‚ãƒ‹ãƒ¥ãƒ¼ã‚¹å¥³å­ãƒãƒ£ãƒ³ãƒãƒ«ç™»éŒ²è€…æ•° 8.52ä¸‡äºº,https://www.youtube.com/@newsjosi
ã«ã—ã‚„ã‚“ãƒãƒ£ãƒ³ãƒãƒ« é˜²ç½éƒ¨ãƒãƒ£ãƒ³ãƒãƒ«ç™»éŒ²è€…æ•° 3.37ä¸‡äºº,https://www.youtube.com/@NishiyanDPD
ã«ã£ã½ã‚“ã½ã‚“ã€ã‚†ã£ãã‚Šæ—¥æœ¬å²è§£èª¬ã€‘ãƒãƒ£ãƒ³ãƒãƒ«ç™»éŒ²è€…æ•° 11.4ä¸‡äºº,https://www.youtube.com/@nipponpon
ãƒ‹ãƒ¥ãƒ¼ã‚¹ãƒ»ã‚¤ãƒ³ã‚µã‚¤ãƒˆã€æ—¥æœ¬èªç‰ˆã€‘ãƒãƒ£ãƒ³ãƒãƒ«ç™»éŒ²è€…æ•° 1.88ä¸‡äºº,https://www.youtube.com/@user-ti3dv6qn9r
ãƒ‹ãƒ¥ãƒ¼ã‚ºã‚ªãƒ—ã‚¨ãƒ‰ãƒãƒ£ãƒ³ãƒãƒ«ç™»éŒ²è€…æ•° 4.33ä¸‡äºº,https://www.youtube.com/@u3wjp
ãƒ‹ãƒ¥ãƒ¼ã‚¹ã®ã‚ã‹ã‚Š / News communityãƒãƒ£ãƒ³ãƒãƒ«ç™»éŒ²è€…æ•° 11.2ä¸‡äºº,https://www.youtube.com/@newsnoakari
ãƒ‹ãƒ¥ãƒ¼ã‚¹ãƒ—ãƒ©ã‚¹JAPANãƒãƒ£ãƒ³ãƒãƒ«ç™»éŒ²è€…æ•° 2060äºº,https://www.youtube.com/@JAPANnp
ãƒ‹ãƒ¥ãƒ¼ã‚¹ãƒ—ãƒ©ã‚¹æ™‚äº‹ãƒãƒ£ãƒ³ãƒãƒ«ç™»éŒ²è€…æ•° 17.8ä¸‡äºº,https://www.youtube.com/@JAPANnpj
ãƒ‹ãƒ¥ãƒ¼ã‚¹æœ€å‰ç·š é¦™æ¸¯ãƒãƒ£ãƒ³ãƒãƒ«ç™»éŒ²è€…æ•° 12.7ä¸‡äºº,https://www.youtube.com/@user-xb3px7to3b
ã«ã‚ã‹ç ”ç©¶å®¤ãƒãƒ£ãƒ³ãƒãƒ«ç™»éŒ²è€…æ•° 9530äºº,https://www.youtube.com/@niwakaken
ãƒã‚³ã•ã‚„ã€ITç³»OL YouTuberã€‘ãƒãƒ£ãƒ³ãƒãƒ«ç™»éŒ²è€…æ•° 1.32ä¸‡äºº,https://www.youtube.com/@nekosaya-it
ãƒãƒƒãƒˆãƒ‹ã‚­ã®åå¿œã¡ã‚ƒã‚“ã­ã‚‹ãƒãƒ£ãƒ³ãƒãƒ«ç™»éŒ²è€…æ•° 9740äºº,https://www.youtube.com/@netniki999
ãƒãƒƒãƒˆå¤§è¡†ç´™ã€Œãƒ–ãƒ«ãƒ¼ã‚«ãƒ©ãƒ¼ã€ãƒãƒ£ãƒ³ãƒãƒ«ç™»éŒ²è€…æ•° 22.8ä¸‡äºº,https://www.youtube.com/@user-uo4cq2zg5l
ã®ãã¿ã®çµŒä¸–æ¸ˆæ°‘ä¾¿ã‚Š:Rãƒãƒ£ãƒ³ãƒãƒ«ç™»éŒ²è€…æ•° 6450äºº,https://www.youtube.com/@NOZOMI_keiseisaimindayori
ã®ã‚€ã‚‰æ•´éª¨é™¢ãƒãƒ£ãƒ³ãƒãƒ«ç™»éŒ²è€…æ•° 22.9ä¸‡äºº,https://www.youtube.com/@nomura-seikotuin
ãƒã‚³ã‚¤ãƒªâ™¡ãƒ ã‚¹ãƒ¡ãƒãƒ£ãƒ³ãƒãƒ«ç™»éŒ²è€…æ•° 2870äºº,https://www.youtube.com/@user-hm7xq2mc1m
ãƒ‘ã‚½ã‚³ãƒ³ä¿®ç†å±‹ã®è±†çŸ¥è­˜ãƒãƒ£ãƒ³ãƒãƒ«ç™»éŒ²è€…æ•° 28.7ä¸‡äºº,https://www.youtube.com/@computer_repair
ãƒ‘ã‚½ã‚³ãƒ³åšå£«TAIKIãƒãƒ£ãƒ³ãƒãƒ«ç™»éŒ²è€…æ•° 48.5ä¸‡äºº,https://www.youtube.com/@taiki007
ãƒ‘ã‚½ç ”[pasoken]ãƒãƒ£ãƒ³ãƒãƒ«ç™»éŒ²è€…æ•° 6.63ä¸‡äºº,https://www.youtube.com/@pasoken
ãƒãƒ†ãƒŠè¦‹èéŒ²ãƒãƒ£ãƒ³ãƒãƒ«ç™»éŒ²è€…æ•° 11ä¸‡äºº,https://www.youtube.com/@hatena_discovery
ãƒãƒŠãƒãƒè»½ãƒãƒ³è»Šä¸­æ³Šãƒãƒ£ãƒ³ãƒãƒ«ç™»éŒ²è€…æ•° 9820äºº,https://www.youtube.com/@hanamamavanlife
ã¯ã«ã‚ã®æ­´å²è€ƒå¯Ÿãƒãƒ£ãƒ³ãƒãƒ«ãƒãƒ£ãƒ³ãƒãƒ«ç™»éŒ²è€…æ•° 2570äºº,https://www.youtube.com/@user-haniwa.history
ã¯ã´ã­ã™ãƒãƒ£ãƒ³ãƒãƒ«ãƒãƒ£ãƒ³ãƒãƒ«ç™»éŒ²è€…æ•° 5.33ä¸‡äºº,https://www.youtube.com/@happiness-ch
ãƒãƒ ã‚«ãƒ„ã®ã‚†ã£ãã‚ŠTVãƒãƒ£ãƒ³ãƒãƒ«ç™»éŒ²è€…æ•° 5.77ä¸‡äºº,https://www.youtube.com/@hamukatsuTV
ã¯ã‚‰ã‹ãªã“ Kanako Haraãƒãƒ£ãƒ³ãƒãƒ«ç™»éŒ²è€…æ•° 1.8ä¸‡äºº,https://www.youtube.com/@KanakoHara
ã¯ã‚‹ã‹ã¿â˜†ã§ãƒã˜ã£ã¨ãƒãƒ£ãƒ³ãƒãƒ«ç™»éŒ²è€…æ•° 313äºº,https://www.youtube.com/@harukamy-digit
ãƒãƒ³.ãƒãƒ£ãƒ³ãƒãƒ«ç™»éŒ²è€…æ•° 3500äºº,https://www.youtube.com/@hansan1672
ãƒ‘ãƒ³ãƒ€èµ¤ã¡ã‚ƒã‚“ãƒãƒ£ãƒ³ãƒãƒ« cute panda videosãƒãƒ£ãƒ³ãƒãƒ«ç™»éŒ²è€…æ•° 3.92ä¸‡äºº,https://www.youtube.com/@cutepandavideos3998
ãƒ‘ãƒ³ãƒ‰ãƒ©ã®ç®±ã€ã‚†ã£ãã‚Šè§£èª¬ã€‘ãƒãƒ£ãƒ³ãƒãƒ«ç™»éŒ²è€…æ•° 4.25ä¸‡äºº,https://www.youtube.com/@pandora-box
ãƒãƒ³ãƒ‰ãƒªã¡ã‚ƒã‚“ã­ã‚‹â˜†ãƒãƒ£ãƒ³ãƒãƒ«ç™»éŒ²è€…æ•° 77.5ä¸‡äºº,https://www.youtube.com/@bang_dream_official
ãƒ”ã‚³æ¬¡éƒãƒãƒ£ãƒ³ãƒãƒ«ç™»éŒ²è€…æ•° 5.44ä¸‡äºº,https://www.youtube.com/@user-bj5qk1li9f
ãƒ“ãƒ‡ã‚ªã‚­ãƒ³ã‚°ã€é€±4æ›´æ–°ã€‘ãƒãƒ£ãƒ³ãƒãƒ«ç™»éŒ²è€…æ•° 1.86ä¸‡äºº,https://www.youtube.com/@user-jh2es6wn1k
ã²ã¨ã‚Šãµã‰ã¨ãƒãƒ£ãƒ³ãƒãƒ«ç™»éŒ²è€…æ•° 2630äºº,https://www.youtube.com/@filmcamera2020
ã²ã‚‰ãã®ãƒ—ãƒ­ã‚°ãƒ©ãƒŸãƒ³ã‚°æ•™å®¤ãƒãƒ£ãƒ³ãƒãƒ«ç™»éŒ²è€…æ•° 4410äºº,https://www.youtube.com/@hiraku-program
ãƒ•ã‚¡ãƒŸé€šTUBEãƒãƒ£ãƒ³ãƒãƒ«ç™»éŒ²è€…æ•° 18.6ä¸‡äºº,https://www.youtube.com/@famitsutube
ãµã˜ã‚‚ã¨ã¡ã‚ƒã‚“ã­ã‚‹ãƒãƒ£ãƒ³ãƒãƒ«ç™»éŒ²è€…æ•° 876äºº,https://www.youtube.com/@fujimotoCh
ãƒ–ãƒ©ã‚¤ãƒˆã‚µã‚¤ãƒ‰ | Bright Side Japanãƒãƒ£ãƒ³ãƒãƒ«ç™»éŒ²è€…æ•° 169ä¸‡äºº,https://www.youtube.com/@BrightSideJapan
ã·ã‚‰ãã‚‰ãƒãƒ£ãƒ³ãƒãƒ«ç™»éŒ²è€…æ•° 13.6ä¸‡äºº,https://www.youtube.com/@pragraa
ãƒ–ãƒ©ãƒƒã‚¯ãƒŸã‚¹ãƒ†ãƒªãƒ¼ã€ã‚†ã£ãã‚Šè§£èª¬ã€‘ãƒãƒ£ãƒ³ãƒãƒ«ç™»éŒ²è€…æ•° 5580äºº,https://www.youtube.com/@user-kr2og5nj3h
ãƒ•ãƒ©ãƒ³ã‚¹ã‚¬ã‚¤ãƒ‰ä¸­æ‘ / France Guide Nakamuraãƒãƒ£ãƒ³ãƒãƒ«ç™»éŒ²è€…æ•° 9.1ä¸‡äºº,https://www.youtube.com/@franceguidenakamura
ãƒ•ãƒ«â˜†ã‚¢ãƒ‹ãƒ¡TVãƒãƒ£ãƒ³ãƒãƒ«ç™»éŒ²è€…æ•° 116ä¸‡äºº,https://www.youtube.com/@FullAnimeTV
ãµã‚‹ã¡ã‚¬ã‚¸ã‚§ãƒƒãƒˆãƒãƒ£ãƒ³ãƒãƒ«ç™»éŒ²è€…æ•° 5690äºº,https://www.youtube.com/@FulciGadget
ãƒ—ãƒ­ã‚°ãƒ©ãƒãƒ¼é¤Šæˆæ‰€ãƒãƒ£ãƒ³ãƒãƒ«ç™»éŒ²è€…æ•° 1210äºº,https://www.youtube.com/@user-hz2ls2gq8f
ãƒ™ãƒˆãƒŠãƒ ãƒãƒ£ãƒ³ãƒãƒ«Hiromiãƒãƒ£ãƒ³ãƒãƒ«ç™»éŒ²è€…æ•° 3.66ä¸‡äºº,https://www.youtube.com/@vietnamhiromi
ãºã‚“ãã‚“ã–ã†ã‚‹ã™ãƒãƒ£ãƒ³ãƒãƒ«ç™»éŒ²è€…æ•° 39äºº,https://www.youtube.com/@user-dj4kl3nx9f
ã¸ã‚“ãªã„ãã‚‚ã®ãƒãƒ£ãƒ³ãƒãƒ«ãƒãƒ£ãƒ³ãƒãƒ«ç™»éŒ²è€…æ•° 40.7ä¸‡äºº,https://www.youtube.com/@henchrou
ãƒœã‚¤ãƒ­ãƒ—ãƒ­ã‚°ãƒ©ãƒŸãƒ³ã‚°è§£èª¬ãƒãƒ£ãƒ³ãƒãƒ«ç™»éŒ²è€…æ•° 243äºº,https://www.youtube.com/@user-gf6he9si1y
ã»ãªã¿ã®å¾®ç¬‘ã¿ãƒãƒ£ãƒ³ãƒãƒ«ç™»éŒ²è€…æ•° 1.97ä¸‡äºº,https://www.youtube.com/@user-vm4dx8ge4o
ã½ã«ãã‚ƒã‚“-Anime PONY CANYONãƒãƒ£ãƒ³ãƒãƒ«ç™»éŒ²è€…æ•° 74.5ä¸‡äºº,https://www.youtube.com/@PONYCANYON_anime
ãƒã‚¯ãƒ­ã‚¹ MACROSS chãƒãƒ£ãƒ³ãƒãƒ«ç™»éŒ²è€…æ•° 18.6ä¸‡äºº,https://www.youtube.com/@macrossch2259
ã¾ã‚‹ã£ã¨ä¸–ç•Œå²ãƒãƒ£ãƒ³ãƒãƒ«ç™»éŒ²è€…æ•° 6690äºº,https://www.youtube.com/@maru-seka
ãƒ ãƒ¼ãƒ“ãƒ¼ã‚³ãƒ³ - ã‚¢ãƒ‹ãƒ¡ãƒãƒ£ãƒ³ãƒãƒ«ç™»éŒ²è€…æ•° 39ä¸‡äºº,https://www.youtube.com/@MovieConAnimation_jp
ãƒ¢ãƒ¼ãƒãƒ£ãƒ³ãƒãƒ«ãƒãƒ£ãƒ³ãƒãƒ«ç™»éŒ²è€…æ•° 6220äºº,https://www.youtube.com/@mouchn
ã‚‚ã—ã€œã ã£ãŸã‚‰ - What If Japaneseãƒãƒ£ãƒ³ãƒãƒ«ç™»éŒ²è€…æ•° 1.48ä¸‡äºº,https://www.youtube.com/@whatifjapanese
ã‚‚ã£ã¨çŸ¥ã‚ŠãŸã„ãƒ¯ãƒ€ã‚¤.ãƒãƒ£ãƒ³ãƒãƒ«ç™»éŒ²è€…æ•° 15.8ä¸‡äºº,https://www.youtube.com/@user-gr6ow1dc7f
ã‚‚ã¸ã˜ãƒãƒ£ãƒ³ãƒãƒ«ç™»éŒ²è€…æ•° 23ä¸‡äºº,https://www.youtube.com/@hentai-moheji
ã‚‚ã‚“ãŸã®æ—¥å¸¸ãƒãƒ£ãƒ³ãƒãƒ«ç™»éŒ²è€…æ•° 18.3ä¸‡äºº,https://www.youtube.com/@montanonichijo
ãƒ¤ã‚¿ã‚¬ãƒ©ã‚¹æ–°èç¤¾ãƒãƒ£ãƒ³ãƒãƒ«ç™»éŒ²è€…æ•° 7920äºº,https://www.youtube.com/@news-Journal
ã‚„ãªããªãÃ—NBCUniversal Official YouTube Channel,https://www.youtube.com/@yanaginagi_nbcu
ãƒ¤ãƒ³ãƒãƒ£ãƒ³CH/æ¥Šå°æºªãƒãƒ£ãƒ³ãƒãƒ«ç™»éŒ²è€…æ•° 19.9ä¸‡äºº,https://www.youtube.com/@yanchanch
ã‚†ã„ã‹ãŠã‚Š YouTube OFFICIAL CHANNELãƒãƒ£ãƒ³ãƒãƒ«ç™»éŒ²è€…æ•° 1.73ä¸‡äºº,https://www.youtube.com/@youtubeofficialchannel7422
ãƒ¦ãƒ¼ã‚¹ãƒ•ãƒ« / ã‚¹ã‚­ãƒ«ã®å›³æ›¸é¤¨ãƒãƒ£ãƒ³ãƒãƒ«ç™»éŒ²è€…æ•° 39.5ä¸‡äºº,https://www.youtube.com/@youseful_skill
ã‚†ãã®ã‚“ã€èª²å¤–æ´»å‹•ã€‘ãƒãƒ£ãƒ³ãƒãƒ«ç™»éŒ²è€…æ•° 1.34ä¸‡äºº,https://www.youtube.com/@yukinon-02
ã‚†ãã®ã‚“ã€æµ·å¤–ã®åå¿œã€‘ãƒãƒ£ãƒ³ãƒãƒ«ç™»éŒ²è€…æ•° 7.41ä¸‡äºº,https://www.youtube.com/@yukinon-03
ã‚†ãã®ã‚“æ—¥å’Œã€NEWSã€‘ãƒãƒ£ãƒ³ãƒãƒ«ç™»éŒ²è€…æ•° 15.3ä¸‡äºº,https://www.youtube.com/@yukinon-01
ã‚†ã£ãã‚Šã€æ˜­å’Œãƒã‚¹ã‚¿ãƒ«ã‚¸ã‚¢ã€ãƒãƒ£ãƒ³ãƒãƒ«ç™»éŒ²è€…æ•° 1.32ä¸‡äºº,https://www.youtube.com/@showa-nostalgia
ã‚†ã£ãã‚Škmãƒãƒ£ãƒ³ãƒãƒ«ç™»éŒ²è€…æ•° 4.14ä¸‡äºº,https://www.youtube.com/@km-eb9bt
ã‚†ã£ãã‚ŠKå›½ç ”ç©¶ãƒ©ãƒœãƒãƒ£ãƒ³ãƒãƒ«ç™»éŒ²è€…æ•° 4180äºº,https://www.youtube.com/@user-rd5bx9ee1w
ã‚†ã£ãã‚Šã‚³ãƒ³ãƒ”ãƒ¥ãƒ¼ã‚¿ã‚µã‚¤ã‚¨ãƒ³ã‚¹ãƒãƒ£ãƒ³ãƒãƒ«ç™»éŒ²è€…æ•° 4720äºº,https://www.youtube.com/@yukkuriCS
ã‚†ã£ãã‚Šãƒ€ãƒ¼ã‚¯ãªä¸–ç•Œãƒãƒ£ãƒ³ãƒãƒ«ç™»éŒ²è€…æ•° 9.65ä¸‡äºº,https://www.youtube.com/@dark-world
ã‚†ã£ãã‚Šã‚¿ã‚¤ãƒ ã‚ºãƒãƒ£ãƒ³ãƒãƒ«ç™»éŒ²è€…æ•° 6390äºº,https://www.youtube.com/@user-oo8sw8wg8s
ã‚†ã£ãã‚Šãƒ‹ãƒ¥ãƒ¼ã‚¹ã‚¿ã‚¦ãƒ³ãƒãƒ£ãƒ³ãƒãƒ«ç™»éŒ²è€…æ•° 6.12ä¸‡äºº,https://www.youtube.com/@yukkurinewstown
ã‚†ã£ãã‚Šã®ã‚ˆãçœ ã‚Œã‚‹é›‘å­¦éƒ¨å±‹ãƒãƒ£ãƒ³ãƒãƒ«ç™»éŒ²è€…æ•° 6720äºº,https://www.youtube.com/@user-tk2ey9iu3c
ã‚†ã£ãã‚Šãƒ“ãƒƒã‚°ãƒãƒ³ã€å®‡å®™è€ƒå¯Ÿã€‘ãƒãƒ£ãƒ³ãƒãƒ«ç™»éŒ²è€…æ•° 4.33ä¸‡äºº,https://www.youtube.com/@yukkuribigbang
ã‚†ã£ãã‚Šã½ã©ã™channelãƒãƒ£ãƒ³ãƒãƒ«ç™»éŒ²è€…æ•° 14.7ä¸‡äºº,https://www.youtube.com/@yukkuripodosu
ã‚†ã£ãã‚ŠãƒŸã‚¹ãƒ†ãƒªãƒ¼äº‹ä»¶ç°¿ãƒãƒ£ãƒ³ãƒãƒ«ç™»éŒ²è€…æ•° 6.75ä¸‡äºº,https://www.youtube.com/@user-ez9lo5qo7d
ã‚†ã£ãã‚Šãƒ«ãƒ¼ã‚¶ãƒ¼ã‚ºãƒãƒ£ãƒ³ãƒãƒ«ç™»éŒ²è€…æ•° 8.76ä¸‡äºº,https://www.youtube.com/@YukkuriLosers
ã‚†ã£ãã‚Šå®‡å®™æ•™å®¤ãƒãƒ£ãƒ³ãƒãƒ«ç™»éŒ²è€…æ•° 18.2ä¸‡äºº,https://www.youtube.com/@yukkurispraceroom
ã‚†ã£ãã‚Šå®‡å®™èˆªç©ºç ”ç©¶å®¤ãƒãƒ£ãƒ³ãƒãƒ«ç™»éŒ²è€…æ•° 9760äºº,https://www.youtube.com/@user-fn1zm9mp7g
ã‚†ã£ãã‚Šè§£èª¬ã€ãƒ›ãƒ©ãƒ¼å¤§å…¨ã€‘ãƒãƒ£ãƒ³ãƒãƒ«ç™»éŒ²è€…æ•° 4.98ä¸‡äºº,https://www.youtube.com/@user-yt1lp4fn8e
ã‚†ã£ãã‚Šè§£èª¬åŠ‡å ´NEXTãƒãƒ£ãƒ³ãƒãƒ«ç™»éŒ²è€…æ•° 5.4ä¸‡äºº,https://www.youtube.com/@next4835
ã‚†ã£ãã‚Šè§£èª¬åŠ‡å ´ãƒãƒ£ãƒ³ãƒãƒ«ç™»éŒ²è€…æ•° 5.24ä¸‡äºº,https://www.youtube.com/@user-rq7gv2ep7x
ã‚†ã£ãã‚Šå±é™ºãªè©±ãƒãƒ£ãƒ³ãƒãƒ«ç™»éŒ²è€…æ•° 5.22ä¸‡äºº,https://www.youtube.com/@user-vv8tg3wm1j
ã‚†ã£ãã‚Šæ©Ÿå¯†æƒ…å ±å±€ãƒãƒ£ãƒ³ãƒãƒ«ç™»éŒ²è€…æ•° 4.82ä¸‡äºº,https://www.youtube.com/@yukkurikimitu
ã‚†ã£ãã‚Šå·¨å¤§ãªç”Ÿãç‰©ã¡ã‚ƒã‚“ã­ã‚‹ãƒãƒ£ãƒ³ãƒãƒ«ç™»éŒ²è€…æ•° 1.84ä¸‡äºº,https://www.youtube.com/@user-ym3hi5fh1o
ã‚†ã£ãã‚Šè»äº‹ã‚¿ã‚¤ãƒ ã‚ºãƒãƒ£ãƒ³ãƒãƒ«ç™»éŒ²è€…æ•° 13.7ä¸‡äºº,https://www.youtube.com/@gunjitimes
ã‚†ã£ãã‚Šè»äº‹ãƒã‚¦ã‚¹ãƒãƒ£ãƒ³ãƒãƒ«ç™»éŒ²è€…æ•° 1340äºº,https://www.youtube.com/@user-zq5te2kx3g
ã‚†ã£ãã‚Šè»äº‹ãƒ—ãƒ¬ã‚¹ãƒãƒ£ãƒ³ãƒãƒ«ç™»éŒ²è€…æ•° 4.29ä¸‡äºº,https://www.youtube.com/@gunji-puress
ã‚†ã£ãã‚Šé›‘å­¦ã€€è€ƒå¯Ÿãƒãƒ£ãƒ³ãƒãƒ«ãƒãƒ£ãƒ³ãƒãƒ«ç™»éŒ²è€…æ•° 2660äºº,https://www.youtube.com/@user-gh9vo9xn7t
ã‚†ã£ãã‚Šé£Ÿå ‚ã€ã‚†ã£ãã‚Šè§£èª¬ã€‘ãƒãƒ£ãƒ³ãƒãƒ«ç™»éŒ²è€…æ•° 19.8ä¸‡äºº,https://www.youtube.com/@syokudou
ã‚†ã£ãã‚Šç”Ÿç‰©ãƒãƒ£ãƒ³ãƒãƒ«ã€ã‚†ã£ãã‚Šè§£èª¬ã€‘ãƒãƒ£ãƒ³ãƒãƒ«ç™»éŒ²è€…æ•° 9.59ä¸‡äºº,https://www.youtube.com/@user-un8hk1xv4t
ã‚†ã£ãã‚ŠçŸ¥çš„é›‘å­¦ã€ã‚†ã£ãã‚Šè§£èª¬ãƒãƒ£ãƒ³ãƒãƒ«ã€‘ãƒãƒ£ãƒ³ãƒãƒ«ç™»éŒ²è€…æ•° 13ä¸‡äºº,https://www.youtube.com/@user-rv5gm3jg5k
ã‚†ã£ãã‚Šè¶…å¸¸ç¾è±¡ãƒãƒ£ãƒ³ãƒãƒ«ç™»éŒ²è€…æ•° 6.73ä¸‡äºº,https://www.youtube.com/@yokkuri_horror
ã‚†ã£ãã‚Šé‰„é“åšç‰©é¤¨ãƒãƒ£ãƒ³ãƒãƒ«ç™»éŒ²è€…æ•° 10.3ä¸‡äºº,https://www.youtube.com/@yukkuri_railways
ã‚†ã£ãã‚ŠåœŸå»ºå›³é‘‘ãƒãƒ£ãƒ³ãƒãƒ«ç™»éŒ²è€…æ•° 14.6ä¸‡äºº,https://www.youtube.com/@doboken
ã‚†ã£ãã‚Šæ€–ã„äº‹ä»¶ãƒãƒ£ãƒ³ãƒãƒ«ç™»éŒ²è€…æ•° 5.14ä¸‡äºº,https://www.youtube.com/@user-qf8jj4ho8l
ã‚†ã£ãã‚Šå¹³å’Œã®ç ¦ãƒãƒ£ãƒ³ãƒãƒ«ç™»éŒ²è€…æ•° 1090äºº,https://www.youtube.com/@user-hr8mb5by6u
ã‚†ã£ãã‚Šæœªæ¥channelãƒãƒ£ãƒ³ãƒãƒ«ç™»éŒ²è€…æ•° 6.13ä¸‡äºº,https://www.youtube.com/@channel-tx2qz
ãƒ¨ãƒƒã‚·ãƒ¼ã®æ­´å²æ–‡åŒ–æ¢æ¤œchãƒãƒ£ãƒ³ãƒãƒ«ç™»éŒ²è€…æ•° 9950äºº,https://www.youtube.com/@ch7072
ãƒªã‚ºã‚¹ã‚¿ãƒãƒ£ãƒ³ãƒãƒ«ã€å…¬å¼ã€‘ãƒãƒ£ãƒ³ãƒãƒ«ç™»éŒ²è€…æ•° 11.5ä¸‡äºº,https://www.youtube.com/@user-rn2sn7li6j
ãƒªãƒƒã‚­ãƒ¼ç¤¾é•·2ndãƒãƒ£ãƒ³ãƒãƒ«ãƒãƒ£ãƒ³ãƒãƒ«ç™»éŒ²è€…æ•° 3.01ä¸‡äºº,https://www.youtube.com/@nd-ky7xb
ãƒªãƒƒã‚­ãƒ¼ç¤¾é•·ãƒãƒ£ãƒ³ãƒãƒ«ç™»éŒ²è€…æ•° 8.31ä¸‡äºº,https://www.youtube.com/@user-px5pr4dh3e
ãƒ«ã‚¤ãƒœã‚¹ãƒªãƒ¼ãƒ‡ã‚£ãƒ¼ã€3Dã€‘ãƒãƒ£ãƒ³ãƒãƒ«ç™»éŒ²è€…æ•° 12.2ä¸‡äºº,https://www.youtube.com/@072
ã‚‹ãƒ¼ã„ã®ã‚†ã£ãã‚Šç§‘å­¦ãƒãƒ£ãƒ³ãƒãƒ«ç™»éŒ²è€…æ•° 55.3ä¸‡äºº,https://www.youtube.com/@RuiScience
ãƒ¬ã‚¤ãƒãƒªã®ç´ æœ´ãªç–‘å•ãƒãƒ£ãƒ³ãƒãƒ«ç™»éŒ²è€…æ•° 936äºº,https://www.youtube.com/@user-ky9zt3yd2s
ãƒ­ãƒƒã‚¯ã‚·ã‚¹ãƒ†ãƒ ã‚¢ã‚«ãƒ‡ãƒŸãƒ¼ï¼ã‚†ã£ãã‚Šãƒ—ãƒ­ã‚°ãƒ©ãƒŸãƒ³ã‚°å­¦ç¿’ãƒãƒ£ãƒ³ãƒãƒ«ç™»éŒ²è€…æ•° 2500äºº,https://www.youtube.com/@user-qf6sp4wb9y
ã‚ãŸæ—…ãƒãƒ£ãƒ³ãƒãƒ«ç™»éŒ²è€…æ•° 8.78ä¸‡äºº,https://www.youtube.com/@watatabi
ã‚ã¡ã‚‡ã‚“ã®ã‚†ã£ãã‚ŠITãƒãƒ£ãƒ³ãƒãƒ«ç™»éŒ²è€…æ•° 13.3ä¸‡äºº,https://www.youtube.com/@wachi-excel
ãƒ¯ãƒ³ãƒ€ãƒ¼ã‚¦ã‚©ãƒ¼ãƒ« !ãƒãƒ£ãƒ³ãƒãƒ«ç™»éŒ²è€…æ•° 11.6ä¸‡äºº,https://www.youtube.com/@wonderwall415
ãƒ¯ãƒ³ãƒ€ãƒ¼ã‚¦ã‚©ãƒ¼ãƒ«!ãƒ¡ãƒƒã‚»ãƒ¼ã‚¸ã‚ºãƒãƒ£ãƒ³ãƒãƒ«ç™»éŒ²è€…æ•° 1.74ä¸‡äºº,https://www.youtube.com/@user-uo1lo5hd9g
é˜¿æœçš„æ—…è¡Œãƒãƒ£ãƒ³ãƒãƒ«ç™»éŒ²è€…æ•° 1230äºº,https://www.youtube.com/@user-gx5qr3ns2l
é˜¿è‹ãƒãƒ£ãƒ³ãƒãƒ«ç™»éŒ²è€…æ•° 1340äºº,https://www.youtube.com/@suguohong
å®‰æ¶¼å¥ˆã®å±±ç™»ã‚Šãƒãƒ£ãƒ³ãƒãƒ«ç™»éŒ²è€…æ•° 4.25ä¸‡äºº,https://www.youtube.com/@user-dt3lg3gh6k
é—‡ã¡ã‚ƒã‚“ãƒ€ãƒ¼ã‚¯ã€ã‚†ã£ãã‚Šè§£èª¬ã€‘ãƒãƒ£ãƒ³ãƒãƒ«ç™»éŒ²è€…æ•° 14.1ä¸‡äºº,https://www.youtube.com/@yami_dark
é—‡ãƒ‹ãƒ¥ãƒ¼ã‚¹ã‚’ã‚†ã£ãã‚Šè§£èª¬ã€ãƒ€ãƒ¼ã‚¯ãƒ»éƒ½å¸‚ä¼èª¬ã€‘ãƒãƒ£ãƒ³ãƒãƒ«ç™»éŒ²è€…æ•° 8.93ä¸‡äºº,https://www.youtube.com/@yamikaisetu
é—‡ã®ãƒŸã‚¹ãƒ†ãƒªãƒ¼ãƒãƒ³ã‚¿ãƒ¼ã€ã‚†ã£ãã‚Šè§£èª¬ã€‘ãƒãƒ£ãƒ³ãƒãƒ«ç™»éŒ²è€…æ•° 5.42ä¸‡äºº,https://www.youtube.com/@darkmystery-hunter
é—‡ä¸–ç•Œã®ãƒ„ãƒ¼ãƒªã‚¹ãƒˆã€ã‚†ã£ãã‚Šè§£èª¬ã€‘ãƒãƒ£ãƒ³ãƒãƒ«ç™»éŒ²è€…æ•° 62.1ä¸‡äºº,https://www.youtube.com/@Dark-world_Tourist
é—‡ä¸–ç•Œã®æœªè§£æ±ºãƒŸã‚¹ãƒ†ãƒªãƒ¼ã€ã‚†ã£ãã‚Šè§£èª¬ã€‘ãƒãƒ£ãƒ³ãƒãƒ«ç™»éŒ²è€…æ•° 9300äºº,https://www.youtube.com/@dark-mysterious
é—‡é­”ç•Œã‚†ã£ãã‚Šæ­¦å°†ãƒãƒ£ãƒ³ãƒãƒ«ç™»éŒ²è€…æ•° 1.91ä¸‡äºº,https://www.youtube.com/@user-ex5yd9bh4f
ä¼Šæ©æ„›ç¨®èŠ±ãƒãƒ£ãƒ³ãƒãƒ«ç™»éŒ²è€…æ•° 5.91ä¸‡äºº,https://www.youtube.com/@iangarden
ä¼Šå·ç›´åŠ©ãƒãƒ£ãƒ³ãƒãƒ«ç™»éŒ²è€…æ•° 1.37ä¸‡äºº,https://www.youtube.com/@naonaokeikei
ç•°ä¸–ç•Œã²ã¨ã‚Šæ—… ï½Deep spot Japanï½ãƒãƒ£ãƒ³ãƒãƒ«ç™»éŒ²è€…æ•° 10.3ä¸‡äºº,https://www.youtube.com/@japan-travel
ç•°ä¸–ç•Œã¸ã®æ‰‰ãƒãƒ£ãƒ³ãƒãƒ«ç™»éŒ²è€…æ•° 9.3ä¸‡äºº,https://www.youtube.com/@user-pv1ve7id3d
ä¸€æ¸¸è®°ãƒãƒ£ãƒ³ãƒãƒ«ç™»éŒ²è€…æ•° 12.8ä¸‡äºº,https://www.youtube.com/@yiyouji
å®‡å®™ ã™ãšã¡ã‚ƒã‚“ã­ã‚‹ãƒãƒ£ãƒ³ãƒãƒ«ç™»éŒ²è€…æ•° 24.8ä¸‡äºº,https://www.youtube.com/@suzu-channel
å®‡å®™ãƒ»å¤©æ–‡ã‚’æœ€å…ˆç«¯ã®ãƒ‡ãƒ¼ã‚¿ã§æ‰‹è»½ã«æ¥½ã—ã‚€ãƒãƒ£ãƒ³ãƒãƒ«ç™»éŒ²è€…æ•° 9280äºº,https://www.youtube.com/@ForeFrontAstronomy
å®‡å®™ãƒ¤ãƒã‚¤chãƒãƒ£ãƒ³ãƒãƒ«ç™»éŒ²è€…æ•° 27ä¸‡äºº,https://www.youtube.com/@uchuyabaich
å®‡å®™å¤§å¥½ããƒ¬ã‚­ã‚·ã‚«ã¡ã‚ƒã‚“ãƒãƒ£ãƒ³ãƒãƒ«ç™»éŒ²è€…æ•° 8.53ä¸‡äºº,https://www.youtube.com/@rekishika_chan_space
å®‡å®™å¤§å¥½ãé›†ã¾ã‚Œãƒãƒ£ãƒ³ãƒãƒ«ã€ã‚†ã£ãã‚Šè§£èª¬ã€‘ãƒãƒ£ãƒ³ãƒãƒ«ç™»éŒ²è€…æ•° 2710äºº,https://www.youtube.com/@user-ks3uh9bw6l
å®‡å®™éŠè¦§ãƒ„ã‚¢ãƒ¼ ã‚†ã‚‰chãƒãƒ£ãƒ³ãƒãƒ«ç™»éŒ²è€…æ•° 1ä¸‡äºº,https://www.youtube.com/@space_yura
ç¾½æ›³é‡å¸‚ å…¬å¼YouTubeãƒãƒ£ãƒ³ãƒãƒ«ãƒãƒ£ãƒ³ãƒãƒ«ç™»éŒ²è€…æ•° 3300äºº,https://www.youtube.com/@user-qd2kw6gu9f
å¯æœˆçšæœˆã®æ”¿æ²»ç ”ç©¶å®¤ãƒãƒ£ãƒ³ãƒãƒ«ç™»éŒ²è€…æ•° 1560äºº,https://www.youtube.com/@user-ni7se5nh7w
è¶Šå—ç¾é£Ÿ -áº¨m Thá»±c TVãƒãƒ£ãƒ³ãƒãƒ«ç™»éŒ²è€…æ•° 10.2ä¸‡äºº,https://www.youtube.com/@-amthuctv5638
é è¦‹å¿«è©•ã€æ—¥æœ¬èªç‰ˆã€‘ãƒãƒ£ãƒ³ãƒãƒ«ç™»éŒ²è€…æ•° 7610äºº,https://www.youtube.com/@user-wy2ni1gf2m
ç‹å¿—å®‰ãƒãƒ£ãƒ³ãƒãƒ«ç™»éŒ²è€…æ•° 82.3ä¸‡äºº,https://www.youtube.com/@wangzhian
ç‹å¿ƒå‡Œå®˜æ–¹é »é“Cyndi Wang Official Channelãƒãƒ£ãƒ³ãƒãƒ«ç™»éŒ²è€…æ•° 8.3ä¸‡äºº,https://www.youtube.com/@cyndiwangofficialchannel9545
ä¿ºãŸã¡ã®JAPANãƒãƒ£ãƒ³ãƒãƒ«ç™»éŒ²è€…æ•° 25.3ä¸‡äºº,https://www.youtube.com/@Ore-JAPA
ä½•ãŒèµ·ãã¦ã‚‹?ãƒ‹ãƒƒãƒãƒ³!!ãƒãƒ£ãƒ³ãƒãƒ«ç™»éŒ²è€…æ•° 3.99ä¸‡äºº,https://www.youtube.com/@nanigaokiteru-nippon
å¯ä»¥çš„å°å¯ãƒãƒ£ãƒ³ãƒãƒ«ç™»éŒ²è€…æ•° 8610äºº,https://www.youtube.com/@keyidexiaoke
ç§‘å­¦ãƒ¤ãƒã‚¤chãƒãƒ£ãƒ³ãƒãƒ«ç™»éŒ²è€…æ•° 7.18ä¸‡äºº,https://www.youtube.com/@kagakuyabaich
æš‡ãªäººã¡ã‚ƒã‚“ã­ã‚‹ãƒãƒ£ãƒ³ãƒãƒ«ç™»éŒ²è€…æ•° 1010äºº,https://www.youtube.com/@user-dx1tl2if1y
æ²³æ±Ÿè‚–å‰°ã®å¤ä»£ã‚¨ã‚¸ãƒ—ãƒˆãƒãƒ£ãƒ³ãƒãƒ«ç™»éŒ²è€…æ•° 24.2ä¸‡äºº,https://www.youtube.com/@yukiancientegyp
æ²³é‡éƒ½ã€22/7å…¬å¼ã€‘ãƒãƒ£ãƒ³ãƒãƒ«ç™»éŒ²è€…æ•° 1.55ä¸‡äºº,https://www.youtube.com/@kounomiyakoSMEJ
èŠ±æ¾¤é¦™èœ Official YouTube,https://www.youtube.com/@kanahanazawaSMEJ
èŠ±æ¾¤é¦™èœãƒãƒ£ãƒ³ãƒãƒ«ç™»éŒ²è€…æ•° 33.5ä¸‡äºº,https://www.youtube.com/@hanazawa_kana
æˆ‘é‚£è¦‡çœŸå­ãƒãƒ£ãƒ³ãƒãƒ«2 ç™»éŒ²ã‚ˆã‚ã—ã!ãƒãƒ£ãƒ³ãƒãƒ«ç™»éŒ²è€…æ•° 4.35ä¸‡äºº,https://www.youtube.com/@user-rm8mb3wv1l
æˆ‘é‚£è¦‡çœŸå­ãƒãƒ£ãƒ³ãƒãƒ«ãƒãƒ£ãƒ³ãƒãƒ«ç™»éŒ²è€…æ•° 25.7ä¸‡äºº,https://www.youtube.com/@masakoganaha
çœ‹ä¸­å›½ã€æ—¥æœ¬ã€‘ãƒ“ã‚¸ãƒ§ãƒ³ã‚¿ã‚¤ãƒ ã‚ºãƒ»ã‚¸ãƒ£ãƒ‘ãƒ³ãƒãƒ£ãƒ³ãƒãƒ«ç™»éŒ²è€…æ•° 6.44ä¸‡äºº,https://www.youtube.com/@--VISIONTIMESJP
é–¢ç¯€ãƒˆãƒ¬ãƒ¼ãƒ‹ãƒ³ã‚° ç¬¹å·ã²ã‚ã²ã§ãƒãƒ£ãƒ³ãƒãƒ«ç™»éŒ²è€…æ•° 16.2ä¸‡äºº,https://www.youtube.com/@sasakawa
éŸ“å›½ã‚†ã£ãã‚Šè§£èª¬[çˆ†]ãƒãƒ£ãƒ³ãƒãƒ«ç™»éŒ²è€…æ•° 2.33ä¸‡äºº,https://www.youtube.com/@korea.yukkuri
ä¸¸å±±ã‚ã‹ã­ã€22/7å…¬å¼ã€‘ãƒãƒ£ãƒ³ãƒãƒ«ç™»éŒ²è€…æ•° 1.38ä¸‡äºº,https://www.youtube.com/@maruyamaakaneSMEJ
å¸°ã£ã¦ããŸ è™ãƒé–€ãƒ‹ãƒ¥ãƒ¼ã‚¹ãƒãƒ£ãƒ³ãƒãƒ«ç™»éŒ²è€…æ•° 88.7ä¸‡äºº,https://www.youtube.com/@toranomonnews
åŠå·å¹¸ä¹…THE WISDOM CHANNELãƒãƒ£ãƒ³ãƒãƒ«ç™»éŒ²è€…æ•° 51.4ä¸‡äºº,https://www.youtube.com/@oikawa_yukihisa1
ä¹å·å±±å¤§å­¦ãƒãƒ£ãƒ³ãƒãƒ«ç™»éŒ²è€…æ•° 5790äºº,https://www.youtube.com/@9yama
ç†Šäº”éƒãŠå…„ã•ã‚“ã®DIYãƒãƒ£ãƒ³ãƒãƒ«ç™»éŒ²è€…æ•° 30ä¸‡äºº,https://www.youtube.com/@KUMA56DIY
å›ã®ã“ã¨ã—ã‚ŠéšŠãƒãƒ£ãƒ³ãƒãƒ«ç™»éŒ²è€…æ•° 1750äºº,https://www.youtube.com/@user-nu1pn4wr9o
çµåŸå±‹ãƒãƒ£ãƒ³ãƒãƒ«ç™»éŒ²è€…æ•° 1.86ä¸‡äºº,https://www.youtube.com/@nihonshi
æœˆåˆŠstereoãƒãƒ£ãƒ³ãƒãƒ«ç™»éŒ²è€…æ•° 5840äºº,https://www.youtube.com/@gekkanStereo
æœˆå¤œã®ãŠä¾›ãƒãƒ£ãƒ³ãƒãƒ«ç™»éŒ²è€…æ•° 2.57ä¸‡äºº,https://www.youtube.com/@user-it9qx9sc2p
å³é¸ã‚¯ãƒ©ã‚·ãƒƒã‚¯ã¡ã‚ƒã‚“ã­ã‚‹ / Classical Music Guideãƒãƒ£ãƒ³ãƒãƒ«ç™»éŒ²è€…æ•° 17ä¸‡äºº,https://www.youtube.com/@nacoclassic
å¤æ˜¯ä¸‰æ˜¥_ç¯ åŸå¸¸ä¸€éƒãƒãƒ£ãƒ³ãƒãƒ«ç™»éŒ²è€…æ•° 28.5ä¸‡äºº,https://www.youtube.com/@user-rw5uq5nn7k
å¤ä»£ã®è¨˜éŒ²ã€ancient recordsã€‘ãƒãƒ£ãƒ³ãƒãƒ«ç™»éŒ²è€…æ•° 2150äºº,https://www.youtube.com/@ancient-records
å¤ä»£å²ãƒ¤ãƒã‚¤ã€ã‚†ã£ãã‚Šè§£èª¬ã€‘ãƒãƒ£ãƒ³ãƒãƒ«ç™»éŒ²è€…æ•° 3.58ä¸‡äºº,https://www.youtube.com/@kodaishiyabai
å¤æœ¬å±‹ãˆã‚Šãˆãªãƒãƒ£ãƒ³ãƒãƒ«ç™»éŒ²è€…æ•° 1.37ä¸‡äºº,https://www.youtube.com/@-eriena
æˆ¸ç”°ã‚¸ãƒ¥ãƒ³ã€22/7å…¬å¼ã€‘ãƒãƒ£ãƒ³ãƒãƒ«ç™»éŒ²è€…æ•° 1.45ä¸‡äºº,https://www.youtube.com/@todajunSMEJ
æˆ¸ç”°è¦šï¼šã‚¬ã‚¸ã‚§ãƒƒãƒˆã€è¾›å£ã€‘ç‚¹æ•°è©•ä¾¡ãƒãƒ£ãƒ³ãƒãƒ«ç™»éŒ²è€…æ•° 21.7ä¸‡äºº,https://www.youtube.com/@todasatoru
æˆ¸ç”°è¦šBizãƒãƒ£ãƒ³ãƒãƒ«ç™»éŒ²è€…æ•° 1.13ä¸‡äºº,https://www.youtube.com/@biz3442
äº”å¤§å¥‡è§€ Top5ãƒãƒ£ãƒ³ãƒãƒ«ç™»éŒ²è€…æ•° 18.7ä¸‡äºº,https://www.youtube.com/@Top_5_Mysterious
èªã‚Šéƒ¨sheepãƒãƒ£ãƒ³ãƒãƒ«ç™»éŒ²è€…æ•° 6.29ä¸‡äºº,https://www.youtube.com/@sheepthestoryteller
å…‰ã®åœ°çƒé€£é‚¦ãƒ‹ãƒ¥ãƒ¼ã‚¹ãƒãƒ£ãƒ³ãƒãƒ«ç™»éŒ²è€…æ•° 2.4ä¸‡äºº,https://www.youtube.com/@user-el8dl6kv7v
å¹¸ç¦å®Ÿç¾å…šãƒãƒ£ãƒ³ãƒãƒ«ç™»éŒ²è€…æ•° 12ä¸‡äºº,https://www.youtube.com/@hrpchannel
ç´…æœˆ[koduki] / ãƒ†ãƒƒã‚¯ãƒã‚¨ãƒ Chãƒãƒ£ãƒ³ãƒãƒ«ç™»éŒ²è€…æ•° 1300äºº,https://www.youtube.com/@koduki
è¡Œèµ°ä¸–ç•Œçš„åŒ—äº¬è€åˆ˜ãƒãƒ£ãƒ³ãƒãƒ«ç™»éŒ²è€…æ•° 5.16ä¸‡äºº,https://www.youtube.com/@BeiJingLaoLiu
è¬›è«‡ç¤¾ãƒ¤ãƒ³ãƒã‚¬chãƒãƒ£ãƒ³ãƒãƒ«ç™»éŒ²è€…æ•° 74.4ä¸‡äºº,https://www.youtube.com/@yanmagach
ä½è—¤éº—è¯ã€22/7å…¬å¼ã€‘ãƒãƒ£ãƒ³ãƒãƒ«ç™»éŒ²è€…æ•° 2.05ä¸‡äºº,https://www.youtube.com/@satoreikaSMEJ
æœ€å¼·é˜²è¡›ç·šãƒãƒ£ãƒ³ãƒãƒ«ç™»éŒ²è€…æ•° 4.17ä¸‡äºº,https://www.youtube.com/@user-ki1ky7zc7e
æ–è—¤ãƒ‹ã‚³ãƒ«ã€22/7å…¬å¼ã€‘ãƒãƒ£ãƒ³ãƒãƒ«ç™»éŒ²è€…æ•° 1.29ä¸‡äºº,https://www.youtube.com/@saitonicoleSMEJ
é˜ªæ€¥ãƒˆãƒ©ãƒ™ãƒ«ãƒ¨ãƒ¼ãƒ­ãƒƒãƒ‘ãƒãƒ£ãƒ³ãƒãƒ«ç™»éŒ²è€…æ•° 1.44ä¸‡äºº,https://www.youtube.com/@user-tm3ni1dx2d
é˜ªæ€¥äº¤é€šç¤¾ã€å…¬å¼ã€‘ãƒãƒ£ãƒ³ãƒãƒ«ç™»éŒ²è€…æ•° 1.21ä¸‡äºº,https://www.youtube.com/@user-gm3db5vk9i
é›‘å­¦ãƒŸã‚¹ãƒ†ãƒªãƒ¼é€šä¿¡ãƒãƒ£ãƒ³ãƒãƒ«ç™»éŒ²è€…æ•° 20.6ä¸‡äºº,https://www.youtube.com/@user-yo2sl8fe4g
å‚æ”¿å…šã€å…¬å¼ã€‘ãƒãƒ£ãƒ³ãƒãƒ«ç™»éŒ²è€…æ•° 22.8ä¸‡äºº,https://www.youtube.com/@diy4600
å±±ã¨çµ‚æœ«æ—… : Mt Urbex .ãŸã‚€ãƒãƒ£ãƒ³ãƒãƒ«ç™»éŒ²è€…æ•° 4.94ä¸‡äºº,https://www.youtube.com/@MtUrbex
ç´«å°‘ç´è¨€ãƒãƒ£ãƒ³ãƒãƒ«ç™»éŒ²è€…æ•° 15äºº,https://www.youtube.com/@user-vi8ej7ju6o
å®Ÿã¯é¢ç™½ã„æ•°å­¦ã®è©±ã€ã‚†ã£ãã‚Šè§£èª¬ã€‘ãƒãƒ£ãƒ³ãƒãƒ«ç™»éŒ²è€…æ•° 1.97ä¸‡äºº,https://www.youtube.com/@omoshiroi_suugaku
æŸ´çŠ¬ã‚Šã‚“ã”éƒ Shiba Inu Ringoroãƒãƒ£ãƒ³ãƒãƒ«ç™»éŒ²è€…æ•° 19.4ä¸‡äºº,https://www.youtube.com/@ringoro
æ‰‹å¡šãƒ—ãƒ­ãƒ€ã‚¯ã‚·ãƒ§ãƒ³å…¬å¼ãƒãƒ£ãƒ³ãƒãƒ«ãƒãƒ£ãƒ³ãƒãƒ«ç™»éŒ²è€…æ•° 26.1ä¸‡äºº,https://www.youtube.com/@tezukaproductions
æ‰‹å¡šæ²»è™«å…¨å·»ãƒãƒ£ãƒ³ãƒãƒ«ãƒãƒ£ãƒ³ãƒãƒ«ç™»éŒ²è€…æ•° 3.87ä¸‡äºº,https://www.youtube.com/@nanigashi
å‘¨åº­ãƒãƒ£ãƒ³ãƒãƒ«ãƒãƒ£ãƒ³ãƒãƒ«ç™»éŒ²è€…æ•° 31ä¸‡äºº,https://www.youtube.com/@user-qp4yv3ek7i
é€±ãƒ—ãƒ¬Channelã€é›†è‹±ç¤¾ é€±åˆŠãƒ—ãƒ¬ã‚¤ãƒœãƒ¼ã‚¤å…¬å¼ã€‘ãƒãƒ£ãƒ³ãƒãƒ«ç™»éŒ²è€…æ•° 104ä¸‡äºº,https://www.youtube.com/@shupure
é›†è½ç”ºä¸¦ã¿Walker /Walk around Japanãƒãƒ£ãƒ³ãƒãƒ«ç™»éŒ²è€…æ•° 2.93ä¸‡äºº,https://www.youtube.com/@walkerwalkaroundjapan
ç£ã®é›†ã„ãƒãƒ£ãƒ³ãƒãƒ«ç™»éŒ²è€…æ•° 661äºº,https://www.youtube.com/@user-kemon
å·¡æ¸¸è½¨è¿¹China travelãƒãƒ£ãƒ³ãƒãƒ«ç™»éŒ²è€…æ•° 17.4ä¸‡äºº,https://www.youtube.com/@chinatravel5971
å°å­¦é¤¨ãƒ–ãƒƒã‚¯ãƒ”ãƒ¼ãƒ—ãƒ«ãƒãƒ£ãƒ³ãƒãƒ«ç™»éŒ²è€…æ•° 3940äºº,https://www.youtube.com/@ShogakukanBookPeople
å°å·æ³°å¹³ã®äº‹ä»¶è€ƒå¯Ÿå®¤ã€€Ogawa Taiheiãƒãƒ£ãƒ³ãƒãƒ«ç™»éŒ²è€…æ•° 9.17ä¸‡äºº,https://www.youtube.com/@ogawataihei9424
å°å€‰ å”¯ YouTube OFFICIAL CHANNEL,https://www.youtube.com/@yui_ogura
å°å€‰ å”¯ YouTube OFFICIAL CHANNELãƒãƒ£ãƒ³ãƒãƒ«ç™»éŒ²è€…æ•° 15.8ä¸‡äºº,https://www.youtube.com/@ogurayui-official
å°éº—ç‡ä¸€ç‡ãƒãƒ£ãƒ³ãƒãƒ«ç™»éŒ²è€…æ•° 6.13ä¸‡äºº,https://www.youtube.com/@wesee01
æ˜­å’Œ Channelãƒãƒ£ãƒ³ãƒãƒ«ç™»éŒ²è€…æ•° 1.62ä¸‡äºº,https://www.youtube.com/@Channel-uw5rb
æ¾ç«¹ãƒãƒ£ãƒ³ãƒãƒ«/SHOCHIKUchãƒãƒ£ãƒ³ãƒãƒ«ç™»éŒ²è€…æ•° 31.9ä¸‡äºº,https://www.youtube.com/@ShochikuOfficial
ä¸Šæµ·ã®å¦–ç²¾ ã‚¦ã‚§ãƒ³ã¡ã‚ƒã‚“ã­ã‚‹[Shanghai fairy]ãƒãƒ£ãƒ³ãƒãƒ«ç™»éŒ²è€…æ•° 2770äºº,https://www.youtube.com/@shanghaifairy2894
é£Ÿã®å¥åº·ã‚’ã‚†ã£ãã‚Šè§£èª¬ãƒãƒ£ãƒ³ãƒãƒ«ç™»éŒ²è€…æ•° 4.34ä¸‡äºº,https://www.youtube.com/@syokunokenkou
æ–°æ™‚ä»£newsãƒãƒ£ãƒ³ãƒãƒ«ç™»éŒ²è€…æ•° 3.99ä¸‡äºº,https://www.youtube.com/@user-qr2ee3qb9l
æ–°èæ‹æ¡ˆé©šå¥‡ã€æ—¥æœ¬èªç‰ˆã€‘ãƒãƒ£ãƒ³ãƒãƒ«ç™»éŒ²è€…æ•° 4890äºº,https://www.youtube.com/@user-dw7ym2cm9q
æ·±ç”°èŒçµµTVãƒãƒ£ãƒ³ãƒãƒ«ç™»éŒ²è€…æ•° 19ä¸‡äºº,https://www.youtube.com/@FukadaMoeTV
æ·±ç”°èŒçµµã®ä¸–é–“è©±ãƒãƒ£ãƒ³ãƒãƒ«ç™»éŒ²è€…æ•° 5.03ä¸‡äºº,https://www.youtube.com/@FukadaMoeYabaihanashi
æ·±å¤œã®ãŠã‹ãšç ”ç©¶æ‰€ãƒãƒ£ãƒ³ãƒãƒ«ç™»éŒ²è€…æ•° 6420äºº,https://www.youtube.com/@user-vm7fi1lp6d
æ·±å¤œã®ãŠå®BOXãƒãƒ£ãƒ³ãƒãƒ«ç™»éŒ²è€…æ•° 6.64ä¸‡äºº,https://www.youtube.com/@BOX-us8nr
çœŸãƒ»æ—¥æœ¬ã®æ­´å²ãƒãƒ£ãƒ³ãƒãƒ«ç™»éŒ²è€…æ•° 6.47ä¸‡äºº,https://www.youtube.com/@user-tp1fq1qt2n
çœŸå®Ÿã®å ±é“ ã‚¨ãƒãƒƒã‚¯ãƒ¡ãƒ‡ã‚£ã‚¢NEWSãƒãƒ£ãƒ³ãƒãƒ«ç™»éŒ²è€…æ•° 8.21ä¸‡äºº,https://www.youtube.com/@news8041
çœŸå®Ÿã®ç›®ãƒãƒ£ãƒ³ãƒãƒ«ç™»éŒ²è€…æ•° 28.7ä¸‡äºº,https://www.youtube.com/@eyessee88
ç¥ã€…ã®è¨˜å…¬å¼ãƒãƒ£ãƒ³ãƒãƒ«ç™»éŒ²è€…æ•° 1.85ä¸‡äºº,https://www.youtube.com/@user-xs7wx4he2h
ç¥æ—…ãƒãƒ£ãƒ³ãƒãƒ«ç™»éŒ²è€…æ•° 9860äºº,https://www.youtube.com/@kamitabi
ç´³å£«ã®ãƒ­ãƒãƒ³ã€æ¯æ—¥20æ™‚æ›´æ–°ã€‘ãƒãƒ£ãƒ³ãƒãƒ«ç™»éŒ²è€…æ•° 9.99ä¸‡äºº,https://www.youtube.com/@4545chestnut
äººãŒæ­»ãªãªã„é˜²ç½ãƒãƒ£ãƒ³ãƒãƒ«ç™»éŒ²è€…æ•° 14.5ä¸‡äºº,https://www.youtube.com/@user-ti6iu9yu5g
æ°´ç€¬ã„ã®ã‚Šãƒãƒ£ãƒ³ãƒãƒ«ç™»éŒ²è€…æ•° 31.3ä¸‡äºº,https://www.youtube.com/@inori_minase
ä¸–ç•Œã—ãã˜ã‚Šç™ºè¦‹ã€ã‚†ã£ãã‚Šè§£èª¬ã€‘ãƒãƒ£ãƒ³ãƒãƒ«ç™»éŒ²è€…æ•° 2.75ä¸‡äºº,https://www.youtube.com/@history-channel-director49
ä¸–ç•Œã®JAPANãƒãƒ£ãƒ³ãƒãƒ«ç™»éŒ²è€…æ•° 16.6ä¸‡äºº,https://www.youtube.com/@japan6249
ä¸–ç•Œã®ãƒ•ã‚·ã‚®æ¢æ¤œchãƒãƒ£ãƒ³ãƒãƒ«ç™»éŒ²è€…æ•° 18.1ä¸‡äºº,https://www.youtube.com/@ch-yw3kj
ä¸–ç•Œã®ä¸ƒä¸æ€è­° ãˆã‚€ã¡ã‚ƒã‚“ã­ã‚‹ãƒãƒ£ãƒ³ãƒãƒ«ç™»éŒ²è€…æ•° 17.1ä¸‡äºº,https://www.youtube.com/@mchan.nanafushigi
ä¸–ç•Œã®æ·±æ·µã‚¦ã‚©ãƒƒãƒãƒ£ãƒ¼ã€ã‚†ã£ãã‚Šè§£èª¬ã€‘ãƒãƒ£ãƒ³ãƒãƒ«ç™»éŒ²è€…æ•° 2.16ä¸‡äºº,https://www.youtube.com/@user-xg4vo7go6j
ä¸–ç•Œã®æœªè§£æ˜ãƒŸã‚¹ãƒ†ãƒªãƒ¼ã€ã‚†ã£ãã‚Šè§£èª¬ã€‘ãƒãƒ£ãƒ³ãƒãƒ«ç™»éŒ²è€…æ•° 8.63ä¸‡äºº,https://www.youtube.com/@w-mystery
ä¸–ç•ŒãƒŸã‚¹ãƒ†ãƒªãƒ¼chãƒãƒ£ãƒ³ãƒãƒ«ç™»éŒ²è€…æ•° 29.4ä¸‡äºº,https://www.youtube.com/@sekaimystery
ä¸–ç•ŒãƒŸã‚¹ãƒ†ãƒªãƒ¼ã‚¼ãƒŸãƒãƒ£ãƒ³ãƒãƒ«ç™»éŒ²è€…æ•° 11.2ä¸‡äºº,https://www.youtube.com/@world-mystery
ä¸–ç•Œéºç”£ã‚·ã‚¢ã‚¿ãƒ¼ãƒãƒ£ãƒ³ãƒãƒ«ç™»éŒ²è€…æ•° 1210äºº,https://www.youtube.com/@user-bz9kt4bf3s
ä¸–ç•Œå²ã®é—‡ã‚¢ã‚«ãƒ‡ãƒŸãƒ¼ãƒãƒ£ãƒ³ãƒãƒ«ç™»éŒ²è€…æ•° 3.25ä¸‡äºº,https://www.youtube.com/@user-cg3ko1jh3x
ä¸–ç•Œä¹‹æœ€ãƒãƒ£ãƒ³ãƒãƒ«ç™»éŒ²è€…æ•° 6.39ä¸‡äºº,https://www.youtube.com/@shijiezhizui8
ç€¬æˆ¸å†…æµ·ãƒãƒ£ãƒ³ãƒãƒ«ãƒãƒ£ãƒ³ãƒãƒ«ç™»éŒ²è€…æ•° 3.07ä¸‡äºº,https://www.youtube.com/@user-po3zu7gd5c
æ˜Ÿçƒç ”ç©¶æ‰€Institute for Planetsãƒãƒ£ãƒ³ãƒãƒ«ç™»éŒ²è€…æ•° 7.79ä¸‡äºº,https://www.youtube.com/@instituteforplanets5807
ç”Ÿæ´»é˜²è¡›LABOãƒãƒ£ãƒ³ãƒãƒ«ç™»éŒ²è€…æ•° 3.99ä¸‡äºº,https://www.youtube.com/@labo8860
ç”Ÿç‰©ãƒ¤ãƒã‚¤chãƒãƒ£ãƒ³ãƒãƒ«ç™»éŒ²è€…æ•° 1.4ä¸‡äºº,https://www.youtube.com/@ch-wo5ih
è–è­·é™¢å¯æ†ãƒãƒ£ãƒ³ãƒãƒ«ç™»éŒ²è€…æ•° 58äºº,https://www.youtube.com/@user-xe9ft2yf1r
å£°å„ª ç”°è¾ºç•™ä¾ã®ã€Œã‚‹ã„ã®ã‹ã‚‰å›ã‚Šã€ãƒãƒ£ãƒ³ãƒãƒ«ç™»éŒ²è€…æ•° 6820äºº,https://www.youtube.com/@user-zu6nc4qi1t
å£°å„ªã‚°ãƒ©ãƒ³ãƒ—ãƒªãƒãƒ£ãƒ³ãƒãƒ«ç™»éŒ²è€…æ•° 6.05ä¸‡äºº,https://www.youtube.com/@seigura
å£°å„ªãƒ©ã‚¸ã‚ªãƒãƒ£ãƒ³ãƒãƒ«ç™»éŒ²è€…æ•° 1.6ä¸‡äºº,https://www.youtube.com/@seiyuu-radio2
é’äº‘è¿¹ Qingyunjiãƒãƒ£ãƒ³ãƒãƒ«ç™»éŒ²è€…æ•° 12.8ä¸‡äºº,https://www.youtube.com/@Qingyunji
é’æ˜¥è‡ªé©¾ãƒãƒ£ãƒ³ãƒãƒ«ç™»éŒ²è€…æ•° 2870äºº,https://www.youtube.com/@JiangXiLaoBiao
ç¨ç†å£«æ²³å—ã®YouTubeãƒãƒ£ãƒ³ãƒãƒ«!ãƒãƒ£ãƒ³ãƒãƒ«ç™»éŒ²è€…æ•° 16.3ä¸‡äºº,https://www.youtube.com/@kawaminamiyoutube
çŸ³åŸå¤ç¹” YouTube Official Channelãƒãƒ£ãƒ³ãƒãƒ«ç™»éŒ²è€…æ•° 2.09ä¸‡äºº,https://www.youtube.com/@ishihara_kaori
çŸ³å·é›…ä¸€ã®ã‚·ãƒ¥ã‚¿ã‚¤ãƒ³ãƒãƒƒãƒå¤§å­¦ãƒãƒ£ãƒ³ãƒãƒ«ç™»éŒ²è€…æ•° 4.19ä¸‡äºº,https://www.youtube.com/@steinbach-university
çŸ³ç‚³é‹’ãƒãƒ£ãƒ³ãƒãƒ«ç™»éŒ²è€…æ•° 17.1ä¸‡äºº,https://www.youtube.com/@shibingfeng
åƒè‘‰ãƒ†ãƒ¬ãƒ“æ”¾é€[ãƒãƒãƒ†ãƒ¬]ãƒãƒ£ãƒ³ãƒãƒ«ç™»éŒ²è€…æ•° 5.63ä¸‡äºº,https://www.youtube.com/@chiba3ch
å‰ç•¥ï¼æ­´å²ã‚’èªã£ã¦ã¿ãŸã€‚ãƒãƒ£ãƒ³ãƒãƒ«ç™»éŒ²è€…æ•° 3.92ä¸‡äºº,https://www.youtube.com/@zenreki
å…¨å›½ç„¡æ–™ãƒ†ãƒ¬ãƒ“ BS11ãƒãƒ£ãƒ³ãƒãƒ«ç™»éŒ²è€…æ•° 20ä¸‡äºº,https://www.youtube.com/@BS11index
å‰µé€ ã®é¤¨ Technical Reportãƒãƒ£ãƒ³ãƒãƒ«ç™»éŒ²è€…æ•° 8.18ä¸‡äºº,https://www.youtube.com/@souzouno-yakata
å…¶ã‚Œï¼å‰‡ã¡ã‚¹ã‚±ãƒƒãƒã€‚ãƒãƒ£ãƒ³ãƒãƒ«ç™»éŒ²è€…æ•° 2940äºº,https://www.youtube.com/@soresuke
å°æ¹¾ãƒœã‚¤ã‚¹ã€TaiwanVoiceã€æ—å»ºè‰¯ x è—¤äº•å³å–œãƒãƒ£ãƒ³ãƒãƒ«ç™»éŒ²è€…æ•° 8.57ä¸‡äºº,https://www.youtube.com/@taiwanvoice
å¤§æµ·å»æ—…è¡Œãƒãƒ£ãƒ³ãƒãƒ«ç™»éŒ²è€…æ•° 3.55ä¸‡äºº,https://www.youtube.com/@DaHaiqulvxing
å¤§ç´€å…ƒ ã‚¨ãƒãƒƒã‚¯ã‚¿ã‚¤ãƒ ã‚ºãƒ»ã‚¸ãƒ£ãƒ‘ãƒ³ãƒãƒ£ãƒ³ãƒãƒ«ç™»éŒ²è€…æ•° 27.2ä¸‡äºº,https://www.youtube.com/@user-bq3rq9qv8r
å¤§ç´€å…ƒæ–°èç¶²ãƒãƒ£ãƒ³ãƒãƒ«ç™»éŒ²è€…æ•° 31.5ä¸‡äºº,https://www.youtube.com/@DJYNews
å¤§å¥½ãã‚¤ã‚¿ãƒªã‚¢ Amoitaliaãƒãƒ£ãƒ³ãƒãƒ«ç™»éŒ²è€…æ•° 1.25ä¸‡äºº,https://www.youtube.com/@amoitalia6036
å¤§è°·ä¼èª¬ã€æµ·å¤–ã®åå¿œã€‘ãƒãƒ£ãƒ³ãƒãƒ«ç™»éŒ²è€…æ•° 2.11ä¸‡äºº,https://www.youtube.com/@shoheiohtanijapan
å¤§æ§»é¦™å¥ˆã€œèªçŸ¥ç—‡ãƒªãƒãƒ“ãƒªLAPREã€œãƒãƒ£ãƒ³ãƒãƒ«ç™»éŒ²è€…æ•° 3.87ä¸‡äºº,https://www.youtube.com/@lapreotsuki
å¤§é™¸å°‹å¥‡ãƒãƒ£ãƒ³ãƒãƒ«ç™»éŒ²è€…æ•° 13.9ä¸‡äºº,https://www.youtube.com/@ctvchinatv
å¤§å’Œã¡ã‚ƒã‚“ã®ãŠéƒ¨å±‹ 2ãƒãƒ£ãƒ³ãƒãƒ«ç™»éŒ²è€…æ•° 177äºº,https://www.youtube.com/@user-pv5no3hr2j
å¤§å’Œã¡ã‚ƒã‚“ã®ãŠéƒ¨å±‹ã€€Rãƒãƒ£ãƒ³ãƒãƒ«ç™»éŒ²è€…æ•° 526äºº,https://www.youtube.com/@user-cs1vd9ee8k
å¤§å’Œã¡ã‚ƒã‚“ã®ãŠéƒ¨å±‹ãƒãƒ£ãƒ³ãƒãƒ«ç™»éŒ²è€…æ•° 1810äºº,https://www.youtube.com/@user-gz2dk4uf7v
ç¬¬äºŒè‰¦éšŠãƒãƒ£ãƒ³ãƒãƒ«ç™»éŒ²è€…æ•° 2200äºº,https://www.youtube.com/@user-dw6vn1qx9z
æ»å·ã¿ã†ã€22/7å…¬å¼ã€‘ãƒãƒ£ãƒ³ãƒãƒ«ç™»éŒ²è€…æ•° 1.96ä¸‡äºº,https://www.youtube.com/@takigawamiuSMEJ
çŸ¥è­˜åˆ†äº«ç«™ãƒãƒ£ãƒ³ãƒãƒ«ç™»éŒ²è€…æ•° 5050äºº,https://www.youtube.com/@user-gc5jk2oz3n
åœ°ç†ã®é›‘å­¦ã‚†ã£ãã‚Šè§£èª¬ãƒãƒ£ãƒ³ãƒãƒ«ç™»éŒ²è€…æ•° 29.5ä¸‡äºº,https://www.youtube.com/@GeoYukkuri
åœ°ç†ã®é›‘å­¦é¤¨ã€ã‚†ã£ãã‚Šè§£èª¬ã€‘ãƒãƒ£ãƒ³ãƒãƒ«ç™»éŒ²è€…æ•° 3.78ä¸‡äºº,https://www.youtube.com/@chiri_zatsugaku
ä¸­å›½ã¾ã¨ã‚ãƒãƒ£ãƒ³ãƒãƒ«ãƒãƒ£ãƒ³ãƒãƒ«ç™»éŒ²è€…æ•° 4.17ä¸‡äºº,https://www.youtube.com/@user-nh1bm2jt2p
ä¸­å›½ã¾ã‚‹è¦‹ãˆæƒ…å ±å±€ãƒãƒ£ãƒ³ãƒãƒ«ç™»éŒ²è€…æ•° 3.81ä¸‡äºº,https://www.youtube.com/@marumie_china
ä¸­å›½ã‚’å¾©å·åŒ–ã—ã¾ã™ãƒãƒ£ãƒ³ãƒãƒ«ç™»éŒ²è€…æ•° 21.7ä¸‡äºº,https://www.youtube.com/@cndocumentary
ä¸­å›½è¡—æ™¯ Chinese Street Viewãƒãƒ£ãƒ³ãƒãƒ«ç™»éŒ²è€…æ•° 8.11ä¸‡äºº,https://www.youtube.com/@SVCN
ä¸­å›½è¦‹èãƒãƒ£ãƒ³ãƒãƒ«ç™»éŒ²è€…æ•° 1.72ä¸‡äºº,https://www.youtube.com/@user-du7gi7mt4w
ä¸­å›½åºƒå·ã®ãƒªã‚¢ãƒ«ãªæ—¥å¸¸ğŸ‡¨ğŸ‡³Moine Family Chinaãƒãƒ£ãƒ³ãƒãƒ«ç™»éŒ²è€…æ•° 537äºº,https://www.youtube.com/@moinefamily
ä¸­å›½åœ¨ä½ è±šç•Œã®å¸ç‹â˜…ã¶ã…ãƒãƒ£ãƒ³ãƒãƒ«ç™»éŒ²è€…æ•° 174äºº,https://www.youtube.com/@user-mv4wc7su3n
ä¸­å›½æ´å¯Ÿ-ã‚¤ãƒ³ã‚µã‚¤ãƒˆãƒãƒ£ãƒ³ãƒãƒ«ç™»éŒ²è€…æ•° 6050äºº,https://www.youtube.com/@user-vm5hg9hb4m
ä¸­å›½çºªå½•ç‰‡è”æ’­ç½‘ãƒãƒ£ãƒ³ãƒãƒ«ç™»éŒ²è€…æ•° 1920äºº,https://www.youtube.com/@JingshangDocumentary
ä¸­é‡åšã®çŸ¥çš„é©å‘½2027å¹´ãƒãƒ£ãƒ³ãƒãƒ«ç™»éŒ²è€…æ•° 14.8ä¸‡äºº,https://www.youtube.com/@Chitekikakumei2027
å¼µé™½ãƒãƒ£ãƒ³ãƒãƒ«ãƒãƒ£ãƒ³ãƒãƒ«ç™»éŒ²è€…æ•° 20.7ä¸‡äºº,https://www.youtube.com/@user-tg5zw2be4i
è´ã„ã¦ã¿ã‚ˆã†æ±Ÿæˆ¸å·ä¹±æ­©ãƒãƒ£ãƒ³ãƒãƒ«ç™»éŒ²è€…æ•° 3330äºº,https://www.youtube.com/@user-fh1gp7on7y
é³¥äººé–“ ä¸­å›½å²ä¸‰æ˜§ãƒãƒ£ãƒ³ãƒãƒ«ç™»éŒ²è€…æ•° 9.43ä¸‡äºº,https://www.youtube.com/@c-history
ç›´ä¹Ÿãƒ†ãƒƒã‚¯ãƒãƒ£ãƒ³ãƒãƒ«ç™»éŒ²è€…æ•° 1.31ä¸‡äºº,https://www.youtube.com/@naoya-tech
è¿½è¯ãƒãƒ£ãƒ³ãƒãƒ«ç™»éŒ²è€…æ•° 1710äºº,https://www.youtube.com/@user-ip5zh5iz3g
åº•è¾ºã¡ã‚ƒã‚“ã­ã‚‹ãƒãƒ£ãƒ³ãƒãƒ«ç™»éŒ²è€…æ•° 1550äºº,https://www.youtube.com/@user-xz9mc6un8x
é›»è„³ãƒæ‚ªé­” forãƒ—ãƒ­ã‚°ãƒ©ãƒŸãƒ³ã‚°è¬›åº§ãƒãƒ£ãƒ³ãƒãƒ«ç™»éŒ²è€…æ•° 4240äºº,https://www.youtube.com/@for8765
æ±æ˜ ã‚·ã‚¢ã‚¿ãƒ¼ã‚ªãƒ³ãƒ©ã‚¤ãƒ³ãƒãƒ£ãƒ³ãƒãƒ«ç™»éŒ²è€…æ•° 28.9ä¸‡äºº,https://www.youtube.com/@toei_theater
è—¤é–“æ¡œã€22/7å…¬å¼ã€‘ãƒãƒ£ãƒ³ãƒãƒ«ç™»éŒ²è€…æ•° 5.93ä¸‡äºº,https://www.youtube.com/@fujimasakuraSMEJ
åƒãè©°ã‚ã§ãƒãƒ£ãƒ³ãƒãƒ«ç™»éŒ²è€…æ•° 9.19ä¸‡äºº,https://www.youtube.com/@xingjilvtu
å—æ¼‚åª³å©¦ãƒãƒ£ãƒ³ãƒãƒ«ç™»éŒ²è€…æ•° 984äºº,https://www.youtube.com/@user-fk7mc3hl5s
æ—¥æœ¬ã‚ªãƒ¼ãƒ‡ã‚£ã‚ªå”ä¼šãƒãƒ£ãƒ³ãƒãƒ«ç™»éŒ²è€…æ•° 4840äºº,https://www.youtube.com/@user-be4wy6bg7f
æ—¥æœ¬ã®ã‚ã‚Œã“ã‚Œãƒãƒ£ãƒ³ãƒãƒ«ç™»éŒ²è€…æ•° 8.95ä¸‡äºº,https://www.youtube.com/@nipponarekore
æ—¥æœ¬ã®é­‚ãƒãƒ£ãƒ³ãƒãƒ«ç™»éŒ²è€…æ•° 7ä¸‡äºº,https://www.youtube.com/@user-sh3ty5ti6o
æ—¥æœ¬ãƒã‚¤ã‚¯ãƒ­ã‚½ãƒ•ãƒˆæ ªå¼ä¼šç¤¾ å…¬å¼ãƒãƒ£ãƒ³ãƒãƒ«ãƒãƒ£ãƒ³ãƒãƒ«ç™»éŒ²è€…æ•° 3.32ä¸‡äºº,https://www.youtube.com/@microsoftjapanvideos
æ—¥æœ¬ç¾å¥³å›³é‘‘ã€æ¯æ—¥18æ™‚æŠ•ç¨¿ã€‘ãƒãƒ£ãƒ³ãƒãƒ«ç™»éŒ²è€…æ•° 34ä¸‡äºº,https://www.youtube.com/@nihon_bijo_zukan
æ—¥æœ¬æ­´å²ã¡ã‚ƒã‚“ã­ã‚‹ãƒãƒ£ãƒ³ãƒãƒ«ç™»éŒ²è€…æ•° 1320äºº,https://www.youtube.com/@Japanese_history
å¦‚æœˆå¼¥ç”Ÿã®ãƒ‹ãƒ¥ãƒ¼ã‚¹Zãƒãƒ£ãƒ³ãƒãƒ«ç™»éŒ²è€…æ•° 2.08ä¸‡äºº,https://www.youtube.com/@Yayoi-Ksaragi-newsZ
å¦‚æœˆå¼¥ç”Ÿã®æ±ã‚¢ã‚¸ã‚¢ãƒ‹ãƒ¥ãƒ¼ã‚¹ãƒãƒ£ãƒ³ãƒãƒ«ç™»éŒ²è€…æ•° 1.82ä¸‡äºº,https://www.youtube.com/@user-fm1if5rn6q
å¦‚æœˆå¼¥ç”Ÿã®é¿é›£æ‰€ãƒãƒ£ãƒ³ãƒãƒ«ç™»éŒ²è€…æ•° 6870äºº,https://www.youtube.com/@user-jd8du7ev8w
å…«ä¿£é å‘‚æ™ºãƒãƒ£ãƒ³ãƒãƒ«ç™»éŒ²è€…æ•° 5320äºº,https://www.youtube.com/@user-tm3rm7rd9h
è‚¥è²“å°ç«™ãƒãƒ£ãƒ³ãƒãƒ«ç™»éŒ²è€…æ•° 4ä¸‡äºº,https://www.youtube.com/@fatcat88
é£›é³¥å¤ä»£å²ãƒãƒ£ãƒ³ãƒãƒ«ç™»éŒ²è€…æ•° 2350äºº,https://www.youtube.com/@umemaeSakiko
é£›è¼ªæµ· - ãƒˆãƒ”ãƒƒã‚¯ãƒãƒ£ãƒ³ãƒãƒ«ç™»éŒ²è€…æ•° 1380äºº,https://www.youtube.com/channel/UCdN_zNvwux-Fh1gjlbsWZGQ
å°¾å´ç”±é¦™ Official Channelãƒãƒ£ãƒ³ãƒãƒ«ç™»éŒ²è€…æ•° 4920äºº,https://www.youtube.com/@ozapure
ç™¾æ˜¥ãƒãƒ£ãƒ³ãƒãƒ«ç™»éŒ²è€…æ•° 854äºº,https://www.youtube.com/@momoharu
å¯Œå£«åœ°éœ‡ç«å±±ç ”ç©¶æ‰€byãˆã„ã—ã‚…ã†åšå£«ãƒãƒ£ãƒ³ãƒãƒ«ç™»éŒ²è€…æ•° 11.8ä¸‡äºº,https://www.youtube.com/@Dr-Eishu
å¯Œç”°ç¾æ†‚ Miyu Tomita -Music Channel-ãƒãƒ£ãƒ³ãƒãƒ«ç™»éŒ²è€…æ•° 2.18ä¸‡äºº,https://www.youtube.com/@tomitamiyu-official
æ­¦ç”°é‚¦å½¦ ãƒ†ãƒ¬ãƒ“ã˜ã‚ƒè¨€ãˆãªã„ãƒ›ãƒ³ãƒˆã®è©±!ãƒãƒ£ãƒ³ãƒãƒ«ç™»éŒ²è€…æ•° 47.9ä¸‡äºº,https://www.youtube.com/@takedaBlog
æ­¦ç”°é‚¦å½¦ã®ãƒ›ãƒ³ãƒéƒ¨å±‹ã€ç‚ºã«ãªã‚‹è©±ã€ãƒãƒ£ãƒ³ãƒãƒ«ç™»éŒ²è€…æ•° 24.3ä¸‡äºº,https://www.youtube.com/@user-xg6cc6wc4u
æ­¦ç”°é‚¦å½¦ã®å¹¸ã›ç ‚æ™‚è¨ˆã€å…¬å¼ã€‘ãƒãƒ£ãƒ³ãƒãƒ«ç™»éŒ²è€…æ•° 5.17ä¸‡äºº,https://www.youtube.com/@shiawasesunadokei
æ­¦ç”°é‚¦å½¦ã®å¿ƒãƒãƒ£ãƒ³ãƒãƒ«ç™»éŒ²è€…æ•° 10.8ä¸‡äºº,https://www.youtube.com/@user-jm6mi6ji4u
ç¦åŸé¥ã¨ãµãã¯ã‚‰ã¯ã‚‹ã‹ãƒãƒ£ãƒ³ãƒãƒ«ç™»éŒ²è€…æ•° 53.4ä¸‡äºº,https://www.youtube.com/@haruka_fukuhara
æ–‡åŒ–äººæ”¾é€å±€2ãƒãƒ£ãƒ³ãƒãƒ«ç™»éŒ²è€…æ•° 16.7ä¸‡äºº,https://www.youtube.com/@bunkajintv2
æ–‡åŒ–åºã€€bunkachannelãƒãƒ£ãƒ³ãƒãƒ«ç™»éŒ²è€…æ•° 2.48ä¸‡äºº,https://www.youtube.com/@bunkachannel
æ–‡åŒ–æ”¾é€A&Gãƒãƒ£ãƒ³ãƒãƒ«ç™»éŒ²è€…æ•° 7.05ä¸‡äºº,https://www.youtube.com/@agqr
æ–‡ç³»ã“ãé¢ç™½ã„æ•°å­¦ãŒæ¥½ã—ããªã‚‹è¦–ç‚¹ã€ã‚†ã£ãã‚Šè§£èª¬ã€‘ãƒãƒ£ãƒ³ãƒãƒ«ç™»éŒ²è€…æ•° 3280äºº,https://www.youtube.com/@enjoy_math_yukkuri
åˆ¥å†Šï¼ãƒ‹ãƒ¥ãƒ¼ã‚½ã‚¯é€šä¿¡ãƒãƒ£ãƒ³ãƒãƒ«ç™»éŒ²è€…æ•° 26.8ä¸‡äºº,https://www.youtube.com/@user-hr1by4lc1w
é³³ãƒã‚«ã‚²ã®ã‚µãƒ–ãƒãƒ£ãƒ³ãƒãƒ«ãƒãƒ£ãƒ³ãƒãƒ«ç™»éŒ²è€…æ•° 207äºº,https://www.youtube.com/@user-mu7pg4cj8c
é³³ãƒã‚«ã‚²ã®ãƒ‹ãƒ¥ãƒ¼ã‚¹ãƒãƒ£ãƒ³ãƒãƒ«ãƒãƒ£ãƒ³ãƒãƒ«ç™»éŒ²è€…æ•° 546äºº,https://www.youtube.com/@user-ys3lj8cw5r
æœ¬å½“ã«ã‚ã£ãŸæ€–ã„é£Ÿã®è©±ãƒãƒ£ãƒ³ãƒãƒ«ç™»éŒ²è€…æ•° 13.3ä¸‡äºº,https://www.youtube.com/@syoku
ä¸‡åœäººã®ã‚ªã‚¿ã‚¯å¤œè©±ãƒãƒ£ãƒ³ãƒãƒ«ç™»éŒ²è€…æ•° 1360äºº,https://www.youtube.com/@user-banbokuto
æœªæ¥Laboã€è¼ãæ˜æ—¥ã¸ã®ã‚«ã‚®ã€‘ãƒãƒ£ãƒ³ãƒãƒ«ç™»éŒ²è€…æ•° 1.59ä¸‡äºº,https://www.youtube.com/@natsukiyajima
æœªæ¥ãƒãƒƒãƒˆãƒãƒ£ãƒ³ãƒãƒ«ç™»éŒ²è€…æ•° 15.5ä¸‡äºº,https://www.youtube.com/@mirainet
æœªæ¥ãƒãƒƒãƒˆç ”ç©¶æ‰€ãƒãƒ£ãƒ³ãƒãƒ«ç™»éŒ²è€…æ•° 6790äºº,https://www.youtube.com/@user-vg1tc8ur5x
å¦™ä½› DEEP MAXãƒãƒ£ãƒ³ãƒãƒ«ç™»éŒ²è€…æ•° 30.8ä¸‡äºº,https://www.youtube.com/@DEEPMAX
é¢ç™½ã„å‹•ç‰©ãƒãƒ£ãƒ³ãƒãƒ«ç™»éŒ²è€…æ•° 24.9ä¸‡äºº,https://www.youtube.com/@funanimls
ç™’ã•ã‚Œã‚‹2chå‹•ç‰©ã‚¹ãƒ¬ãƒãƒ£ãƒ³ãƒãƒ«ç™»éŒ²è€…æ•° 1.55ä¸‡äºº,https://www.youtube.com/@iyashi_animal_2ch
ç™’ã—ã®ãƒã‚³ã¡ã‚ƒã‚“ã­ã‚‹ãƒãƒ£ãƒ³ãƒãƒ«ç™»éŒ²è€…æ•° 9300äºº,https://www.youtube.com/@user-qq5kw2gd8n
äºˆå‚™æ ¡ã®ãƒãƒªã§å­¦ã¶ã€Œå¤§å­¦ã®æ•°å­¦ãƒ»ç‰©ç†ã€ãƒãƒ£ãƒ³ãƒãƒ«ç™»éŒ²è€…æ•° 101ä¸‡äºº,https://www.youtube.com/@yobinori
äºˆé˜²åŒ»å­¦ch /åŒ»å¸«ç›£ä¿® ã‚¦ãƒã‚«ãƒ©ã‚¯ãƒªãƒ‹ãƒƒã‚¯ãƒãƒ£ãƒ³ãƒãƒ«ç™»éŒ²è€…æ•° 57.8ä¸‡äºº,https://www.youtube.com/@yoboigaku
å¹¼å¥³å…ˆè¼©ãƒãƒ£ãƒ³ãƒãƒ«ç™»éŒ²è€…æ•° 421äºº,https://www.youtube.com/@yojo-senpai
æå§‰å¦¹chãƒãƒ£ãƒ³ãƒãƒ«ç™»éŒ²è€…æ•° 35.5ä¸‡äºº,https://www.youtube.com/@lisistersch
æç›¸å“²TVãƒãƒ£ãƒ³ãƒãƒ«ç™»éŒ²è€…æ•° 15ä¸‡äºº,https://www.youtube.com/@TV-uo9yx
ææ–‡çš“ãƒãƒ£ãƒ³ãƒãƒ«ç™»éŒ²è€…æ•° 3370äºº,https://www.youtube.com/@wenhoulee
è£ã—ã¾ãŸã‚ã†ã€é›‘å­¦ç§‘å­¦ã‚†ã£ãã‚Šè§£èª¬ãƒãƒ£ãƒ³ãƒãƒ«ã€‘ãƒãƒ£ãƒ³ãƒãƒ«ç™»éŒ²è€…æ•° 11.5ä¸‡äºº,https://www.youtube.com/@urashimatarou_yukkuri
ç«‹å·çµ¢é¦™ã€22/7å…¬å¼ã€‘ãƒãƒ£ãƒ³ãƒãƒ«ç™»éŒ²è€…æ•° 1.41ä¸‡äºº,https://www.youtube.com/@tachikawaayakaSMEJ
æ—…è¡Œï¼†ãƒˆãƒ¼ã‚¯ãƒãƒ£ãƒ³ãƒãƒ«ç™»éŒ²è€…æ•° 1.38ä¸‡äºº,https://www.youtube.com/@xchallenge2708
å‡Œç©ºè¦–ç•Œ-å°ç£ç¾æ™¯ãƒãƒ£ãƒ³ãƒãƒ«ç™»éŒ²è€…æ•° 7.64ä¸‡äºº,https://www.youtube.com/@SKYVIEW001
æ–™ç†ç ”ç©¶å®¶ãƒªãƒ¥ã‚¦ã‚¸ã®ãƒã‚ºãƒ¬ã‚·ãƒ”ãƒãƒ£ãƒ³ãƒãƒ«ç™»éŒ²è€…æ•° 407ä¸‡äºº,https://www.youtube.com/@ryuji825
ä»¤å’Œ ä¸–ç•Œã‹ã‚‰ã®è¡æ’ƒãƒãƒ£ãƒ³ãƒãƒ«ç™»éŒ²è€…æ•° 11.3ä¸‡äºº,https://www.youtube.com/@reiwa-surume
ä»¤å’Œä¸–ç•Œã‹ã‚‰ã®è¡æ’ƒ2ã‚¹ãƒ«ãƒ¡å›ãƒãƒ£ãƒ³ãƒãƒ«ç™»éŒ²è€…æ•° 2990äºº,https://www.youtube.com/@user-lj8js4vj8w
ä»¤å’Œä¸–ç•Œã‹ã‚‰ã®è¡æ’ƒ4ã‚¹ãƒ«ãƒ¡ã®å®¶ãƒãƒ£ãƒ³ãƒãƒ«ç™»éŒ²è€…æ•° 7210äºº,https://www.youtube.com/@reiwa-surume4
ä»¤å’Œä¸–ç•Œã‹ã‚‰ã®è¡æ’ƒ5 ä¸­ã®äººãƒãƒ£ãƒ³ãƒãƒ«ç™»éŒ²è€…æ•° 1130äºº,https://www.youtube.com/@surume-reiwa5
ä»¤å’Œç¾å°‘å¥³å›³é‘‘ãƒãƒ£ãƒ³ãƒãƒ«ç™»éŒ²è€…æ•° 2750äºº,https://www.youtube.com/@user-cr5xe9gi9q
éˆ´æœ¨ã¿ã®ã‚Šãƒãƒ£ãƒ³ãƒãƒ«ç™»éŒ²è€…æ•° 9.65ä¸‡äºº,https://www.youtube.com/@minorisuzuki_minoringo
éœŠå¤¢ã¨é­”ç†æ²™ã®è©±é¡Œã®ãƒãƒ£ãƒ³ãƒãƒ«ãƒãƒ£ãƒ³ãƒãƒ«ç™»éŒ²è€…æ•° 4ä¸‡äºº,https://www.youtube.com/@user-yq9ju3sb6o
æ­´å²ãƒŸã‚¹ãƒ†ãƒªãƒ¼ãƒãƒ£ãƒ³ãƒãƒ«ãƒãƒ£ãƒ³ãƒãƒ«ç™»éŒ²è€…æ•° 6.74ä¸‡äºº,https://www.youtube.com/@user-kw3ex3im7i
æ­´å¥³ã¯å¤ä»£å²ã‚’èªã‚ŠãŸã„ãƒãƒ£ãƒ³ãƒãƒ«ç™»éŒ²è€…æ•° 1.2ä¸‡äºº,https://www.youtube.com/@rekijo
å’Œä¹‹å¤¢[ã‚ã®ã‚†ã‚]ã€€å…¬å¼ãƒãƒ£ãƒ³ãƒãƒ«ãƒãƒ£ãƒ³ãƒãƒ«ç™»éŒ²è€…æ•° 46.4ä¸‡äºº,https://www.youtube.com/@wanoyume_hezhimeng
äºæ´²æ—…éŠå° - å®˜æ–¹é »é“ãƒãƒ£ãƒ³ãƒãƒ«ç™»éŒ²è€…æ•° 27.5ä¸‡äºº,https://www.youtube.com/@asiatravel-tv
å’¬äººçŒ«Yaorenmaoãƒãƒ£ãƒ³ãƒãƒ«ç™»éŒ²è€…æ•° 78.9ä¸‡äºº,https://www.youtube.com/@Yaorenmao
åœ“ç³–æ··å“ªè£¡RoundcandyTVãƒãƒ£ãƒ³ãƒãƒ«ç™»éŒ²è€…æ•° 4.2ä¸‡äºº,https://www.youtube.com/@RoundcandyTV
æ¾è°·å¸ã® ä¸­å›½ã‚«ãƒ•ã‚§ãƒãƒ£ãƒ³ãƒãƒ«ç™»éŒ²è€…æ•° 1.89ä¸‡äºº,https://www.youtube.com/@China_cafe
èŠ’æœTVå¿ƒåŠ¨ MangoTV Sparkleãƒãƒ£ãƒ³ãƒãƒ«ç™»éŒ²è€…æ•° 91.4ä¸‡äºº,https://www.youtube.com/@MangoTVSparkle
èŒƒèŒƒFanãƒãƒ£ãƒ³ãƒãƒ«ç™»éŒ²è€…æ•° 2.04ä¸‡äºº,https://www.youtube.com/@fanfanfan
åç­–å½±è§†é’æ˜¥å‰§åœº HUACE GLOBAL FUNãƒãƒ£ãƒ³ãƒãƒ«ç™»éŒ²è€…æ•° 212ä¸‡äºº,https://www.youtube.com/@huaceglobal
ç©·æ¸¸ä¸–ç•Œæˆ‘ä»¬çš„å¥‡è¡Œãƒãƒ£ãƒ³ãƒãƒ«ç™»éŒ²è€…æ•° 18.9ä¸‡äºº,https://www.youtube.com/@huanqiuqixingji
è…¾è®¯è§†é¢‘ãƒãƒ£ãƒ³ãƒãƒ«ç™»éŒ²è€…æ•° 782ä¸‡äºº,https://www.youtube.com/@TencentVideo
è‰½é‡ç¤¾çš„é˜¿ä¸™ãƒãƒ£ãƒ³ãƒãƒ«ç™»éŒ²è€…æ•° 6140äºº,https://www.youtube.com/@brynn1984
è´µå·æä¿Š Guizhou Li Junãƒãƒ£ãƒ³ãƒãƒ«ç™»éŒ²è€…æ•° 11.9ä¸‡äºº,https://www.youtube.com/@gzlijun
é¢‘é“ãƒãƒ£ãƒ³ãƒãƒ«ç™»éŒ²è€…æ•° 7.44ä¸‡äºº,https://www.youtube.com/@zoubianzgtv
é±¼æ¸¸è®°ãƒãƒ£ãƒ³ãƒãƒ«ç™»éŒ²è€…æ•° 1590äºº,https://www.youtube.com/@YuYouJi
é¾™å…´èšå®ãƒãƒ£ãƒ³ãƒãƒ«ç™»éŒ²è€…æ•° 1140äºº,https://www.youtube.com/@BeautifulChinese03
Î¤ÎµÎ›Ï„Î‘ / Teltaizmãƒãƒ£ãƒ³ãƒãƒ«ç™»éŒ²è€…æ•° 7880äºº,https://www.youtube.com/@Teltaism
ì™•ë³´ë¼ V0RA KIMãƒãƒ£ãƒ³ãƒãƒ«ç™»éŒ²è€…æ•° 13.8ä¸‡äºº,https://www.youtube.com/@V0RAKIM